Series Name,Series Code,Country Name,Country Code,1990 [YR1990],1991 [YR1991],1992 [YR1992],1993 [YR1993],1994 [YR1994],1995 [YR1995],1996 [YR1996],1997 [YR1997],1998 [YR1998],1999 [YR1999],2000 [YR2000],2001 [YR2001],2002 [YR2002],2003 [YR2003],2004 [YR2004],2005 [YR2005],2006 [YR2006],2007 [YR2007],2008 [YR2008],2009 [YR2009],2010 [YR2010],2011 [YR2011],2012 [YR2012],2013 [YR2013],2014 [YR2014],2015 [YR2015],2016 [YR2016],2017 [YR2017],2018 [YR2018],2019 [YR2019]
Renewable energy consumption (% of total final energy consumption),EG.FEC.RNEW.ZS,Argentina,ARG,8.922907467,8.748184307,9.471649616,10.12834244,10.73490935,11.20518463,10.19385559,10.9990734,11.34300914,10.30617339,9.85,11.51,11.62,10.82,9.29,9.64,9.18,7.72,7.65,8.59,8.79,8.83,8.61,8.91,9.79,9.4,9.38,10.37,10.52,10.74
Renewable energy consumption (% of total final energy consumption),EG.FEC.RNEW.ZS,Australia,AUS,8.009577159,8.24547226,7.516470972,8.616993882,8.259946779,8.217805712,8.86597056,9.080242836,8.595072694,8.507273787,8.42,8.37,8.74,7.15,6.68,6.71,6.85,6.95,6.79,7.15,8.16,8.32,8.29,9.21,9.32,9.31,9.42,9.69,9.67,10.13
Renewable energy consumption (% of total final energy consumption),EG.FEC.RNEW.ZS,Brazil,BRA,49.86467493,48.93816849,48.70118267,48.19908801,48.35000852,46.13435665,44.53288239,43.72510837,43.86157674,44.09727587,42.66,41.33,42.85,45.11,45.18,46.13,46.67,47.19,47.04,48.92,46.81,45.26,43.49,42.32,41.71,43.62,45.46,45.33,46.95,47.57
Renewable energy consumption (% of total final energy consumption),EG.FEC.RNEW.ZS,China,CHN,34.08361405,33.25847354,32.9312779,31.6777918,31.24948417,29.47211139,30.53717546,30.18348168,29.73990148,30.50604898,29.63,28.36,27,23.86,20.17,17.44,16.39,14.88,14.14,13.43,12.26,11.34,11.53,11.45,11.94,12.18,12.56,13.13,13.71,14.45
Renewable energy consumption (% of total final energy consumption),EG.FEC.RNEW.ZS,France,FRA,10.40801913,11.01222193,11.25820176,10.86013257,10.93448888,10.70140869,10.49495357,9.985453187,9.709285885,9.779014352,9.32,9.46,8.73,8.91,8.95,8.66,8.52,9.46,10.6,11.32,11.99,10.66,12.34,13.42,13.2,13.34,14.24,14.12,15.21,15.53
Renewable energy consumption (% of total final energy consumption),EG.FEC.RNEW.ZS,Germany,DEU,2.098033775,1.988632809,2.062621895,2.110931085,2.266202061,2.319748996,2.252173834,2.824421822,3.045118906,3.263712146,3.7,3.9,4.41,5.44,6.34,7.28,8.59,10.47,10.25,10.72,11.61,12.54,13.64,13.63,14.02,14.55,14.24,15.22,16.12,17.17
Renewable energy consumption (% of total final energy consumption),EG.FEC.RNEW.ZS,India,IND,58.65285835,57.60479334,57.23056748,56.98336334,55.55718746,54.484117,53.7674097,52.4880731,52.71225571,51.7172937,46.88,47.11,45.75,45.63,44.92,44.16,43.16,41.53,39.37,37.41,36.16,35.01,34.75,34.85,33.85,33.4,33.02,32.41,32.82,32.93
Renewable energy consumption (% of total final energy consumption),EG.FEC.RNEW.ZS,Indonesia,IDN,58.59753114,57.82874174,56.82076894,55.4330117,52.81378848,50.09815781,48.75037997,47.08737494,48.29961688,45.07867761,45.62,44.33,44.66,43,41.46,41.57,40.07,40.01,41.12,38.18,34.81,30.92,28.78,29.7,28.32,26.69,28.24,26.15,21.05,19.09
Renewable energy consumption (% of total final energy consumption),EG.FEC.RNEW.ZS,Italy,ITA,3.781463481,4.66941317,4.839463242,4.771495295,5.248022105,4.462278337,4.748913895,4.831419767,4.757625432,5.022459784,5.12,5.38,5.6,6.24,5.94,6.7,7.51,8.73,10.82,12.54,12.79,11.9,14.39,16.32,17.13,16.57,16.09,16.43,17.08,17.27
Renewable energy consumption (% of total final energy consumption),EG.FEC.RNEW.ZS,Japan,JPN,4.550664024,4.730569218,4.197714901,4.435606712,3.567645778,3.917188521,3.839358437,4.072127493,4.045356051,3.828786576,3.7,3.5,3.71,4.19,4.26,4.02,4.43,4.29,4.44,4.51,4.66,4.82,4.68,5.05,5.58,6.16,6.39,6.92,7.22,7.69
Renewable energy consumption (% of total final energy consumption),EG.FEC.RNEW.ZS,"Korea, Rep.",KOR,1.631946867,0.955805367,0.752919688,0.72597866,0.441574757,0.443590287,0.60863812,0.676453174,0.948920714,0.787126862,0.7,0.69,0.7,0.85,0.77,0.87,0.95,1.03,1.06,1.21,1.32,1.35,1.61,1.92,2.87,2.74,2.55,2.84,3.18,3.36
Renewable energy consumption (% of total final energy consumption),EG.FEC.RNEW.ZS,Mexico,MEX,14.41330169,13.19551185,13.42709155,13.30396934,11.86310293,13.26183323,13.06472384,12.69977739,12.23845337,12.74846132,12.17,11.34,10.68,10.17,10.21,10.31,9.82,9.46,9.77,9.17,9.36,9.07,8.97,9.23,9.76,9.19,9.22,9.99,10.03,10.34
Renewable energy consumption (% of total final energy consumption),EG.FEC.RNEW.ZS,Netherlands,NLD,1.201611136,1.169571601,1.213752817,1.212133263,1.26459149,1.277067851,1.28731662,1.507533301,1.570517547,1.65409445,1.73,1.76,1.92,1.91,2.22,2.74,3.12,3.68,3.94,4.38,3.85,4.69,4.9,4.94,5.53,5.72,5.59,6.36,7.39,8.54
Renewable energy consumption (% of total final energy consumption),EG.FEC.RNEW.ZS,Russian Federation,RUS,3.751939258,3.766961784,3.980548749,4.038095886,3.866873286,3.870681409,3.69452595,3.745987177,3.585032251,3.820848435,3.5,3.62,3.46,3.28,3.55,3.61,3.48,3.67,3.31,3.6,3.34,3.23,3.24,3.61,3.3,3.2,3.36,3.25,3.18,3.22
Renewable energy consumption (% of total final energy consumption),EG.FEC.RNEW.ZS,Saudi Arabia,SAU,0.037984679,0.036699861,0.022179598,0.015516266,0.030725365,0.025890405,0.0096538,0.009032332,0.009723799,0.00941578,0.01,0.01,0.01,0.01,0.01,0.01,0.01,0.01,0.01,0.01,0.01,0.01,0.01,0.01,0.01,0.01,0.01,0.02,0.02,0.03
Renewable energy consumption (% of total final energy consumption),EG.FEC.RNEW.ZS,Spain,ESP,10.54443118,9.921293468,8.220908383,9.079810066,9.241375679,8.264567068,10.06199181,9.154295862,8.941412249,7.681655092,7.88,8.93,7.42,8.92,8.05,7.3,8.49,9.02,9.76,12.25,14.44,14.79,15.83,16.99,17.41,16.33,17.21,15.71,17.42,17.27
Renewable energy consumption (% of total final energy consumption),EG.FEC.RNEW.ZS,Switzerland,CHE,17.12391004,17.47275048,17.29862548,18.3554219,18.69457381,18.06594965,17.11697875,17.8231175,17.50425118,18.80686907,18.19,18.72,18.19,18.03,18.1,18.73,18.07,19.31,19.55,19.97,20.56,20.57,21.88,21.83,22.2,23.94,24.1,24.99,24.2,24.76
Renewable energy consumption (% of total final energy consumption),EG.FEC.RNEW.ZS,Turkiye,TUR,24.51077696,24.18419764,24.22050637,23.82532605,24.24307665,22.09844195,21.24304374,20.84128763,21.63426895,20.55542625,17.29,18.12,17.49,16.29,16.78,15.34,14.23,12.48,12.53,13.12,14.21,12.68,13.03,13.8,11.51,13.34,13.23,11.4,11.83,14.12
Renewable energy consumption (% of total final energy consumption),EG.FEC.RNEW.ZS,United Kingdom,GBR,0.651133978,0.608264131,0.840737796,0.775204971,1.021428484,1.060229099,0.943586897,1.028479689,1.029704324,0.948917657,0.96,0.85,0.97,0.93,1.14,1.35,1.55,1.84,2.79,3.38,3.67,4.44,4.77,6.02,7.36,8.61,8.6,9.7,10.99,12.24
Renewable energy consumption (% of total final energy consumption),EG.FEC.RNEW.ZS,United States,USA,4.175462186,4.507919594,4.763083108,4.281528407,4.088641398,4.726554335,4.763930451,4.514260299,4.53429689,5.709726593,5.43,4.68,4.84,5.33,5.48,5.84,6.4,6.3,6.85,7.35,7.44,8.36,8.73,9.08,9.22,9.03,9.46,9.92,10.12,10.42
Renewable energy consumption (% of total final energy consumption),EG.FEC.RNEW.ZS,Afghanistan,AFG,15.92453168,17.03644353,26.52162865,30.58566705,32.79625055,35.07564029,37.9457475,41.43260087,44.09433685,52.18577437,44.99,45.6,37.83,36.66,44.24,33.88,31.89,28.78,21.17,16.53,15.15,12.61,15.36,16.86,18.93,17.53,19.92,19.21,17.96,18.51
Renewable energy consumption (% of total final energy consumption),EG.FEC.RNEW.ZS,Albania,ALB,25.51808763,32.99817424,46.81332881,51.1520423,51.45954422,50.60970958,51.63636056,55.95334942,49.98336544,42.71831341,41.36,39.04,35.82,33.67,35.84,36.77,31.62,32,35.79,37.09,36.99,35.84,39.91,41.14,38.56,38.47,39.43,37.07,38.11,40.2
Renewable energy consumption (% of total final energy consumption),EG.FEC.RNEW.ZS,Algeria,DZA,0.177228303,0.323692176,0.289771221,0.476341507,0.403959587,0.422480315,0.389526171,0.472147669,0.544070942,0.51001769,0.43,0.43,0.51,0.47,0.44,0.58,0.41,0.41,0.3,0.31,0.26,0.18,0.18,0.13,0.07,0.06,0.08,0.14,0.19,0.16
Renewable energy consumption (% of total final energy consumption),EG.FEC.RNEW.ZS,American Samoa,ASM,0,0,0,0,0,0,0,0,0,0,0,0,0,0,0,0,0,0,0,0,0,0,0.14,0.24,0.23,0.23,0.3,0.49,0.49,0.5
Renewable energy consumption (% of total final energy consumption),EG.FEC.RNEW.ZS,Andorra,AND,14.27355021,14.27355021,14.30875446,13.91895459,14.56102442,14.48104808,14.1000476,14.19400246,14.45864172,14.54989054,14.51,15.39,15.83,16.52,16.57,16.61,17.57,16.56,17.02,17.13,18.67,18.55,18.76,19.14,19.45,19.32,19.32,19.15,18.58,18.4
Renewable energy consumption (% of total final energy consumption),EG.FEC.RNEW.ZS,Angola,AGO,72.25525192,71.8886392,72.72328252,71.27705632,72.22026891,73.94588834,73.13960045,73.73441595,76.81979363,73.41078383,73.44,72.34,70.42,65.14,61.92,68.38,62.13,58.49,54.88,52.41,52.51,51.06,49.47,47.95,48.23,47.84,49.03,56.25,57.36,54.69
Renewable energy consumption (% of total final energy consumption),EG.FEC.RNEW.ZS,Antigua and Barbuda,ATG,0,0,0,0,0,0,0,0,0,0,0,0,0,0,0,0,0,0,0,0,0,0.08,0.15,0.15,0.14,0.48,0.6,0.6,0.9,0.91
Renewable energy consumption (% of total final energy consumption),EG.FEC.RNEW.ZS,Armenia,ARM,2.118944341,2.309435803,6.677678941,12.93683368,17.76365341,9.274352707,12.47330437,10.12011439,9.380563414,8.358795379,7.16,5.42,8.9,9.81,8.71,6.49,7.65,7.02,6.4,7.8,9.36,8.01,6.56,6.77,7.08,10.74,13.15,12.56,11.13,10.34
Renewable energy consumption (% of total final energy consumption),EG.FEC.RNEW.ZS,Aruba,ABW,0.268747069,0.234954768,0.238777584,0.195134319,0.18324054,0.173371733,0.167474285,0.160095867,0.157875691,0.160927638,0.18,0.18,0.18,0.18,0.19,0.19,0.19,0.19,0.19,0.3,5.46,5.66,6.86,6.89,6.93,6.73,6.99,6.7,8.02,7.48
Renewable energy consumption (% of total final energy consumption),EG.FEC.RNEW.ZS,Austria,AUT,25.13575415,24.49579821,26.13679158,26.35780775,25.67945465,25.63008795,24.03687734,24.8710509,24.40935442,26.43831079,26.44,25.53,24.68,22.56,23.17,24.41,26.64,28.99,29.68,31.31,31.15,31.64,34.38,34.59,35.67,34.82,34.64,33.98,34.11,33.77
Renewable energy consumption (% of total final energy consumption),EG.FEC.RNEW.ZS,Azerbaijan,AZE,0.722062718,0.804646398,1.217250557,1.983066048,1.515961004,1.366840065,1.738902664,1.989848785,2.4843814,2.143936114,2.07,1.75,2.35,2.94,3.07,3.36,2.86,3.78,3.08,3.27,4.45,3.55,2.84,2.52,2.12,2.33,1.94,1.91,1.93,1.62
Renewable energy consumption (% of total final energy consumption),EG.FEC.RNEW.ZS,"Bahamas, The",BHS,0,0,0,0,0,0,0,0,0,0,0,0.42,0.38,1.54,1.59,1.71,2.01,3.54,1.97,1.83,1.65,1.42,1.18,0.96,1.14,1.54,1.53,1.44,1.02,1.14
Renewable energy consumption (% of total final energy consumption),EG.FEC.RNEW.ZS,Bahrain,BHR,0,0,0,0,0,0,0,0,0,0,0,0,0,0,0,0,0,0,0,0,0,0,0,0,0,0,0,0,0,0
Renewable energy consumption (% of total final energy consumption),EG.FEC.RNEW.ZS,Bangladesh,BGD,71.6649713,73.15966732,71.66070373,70.55712302,68.97990719,63.80280917,62.1240766,59.97285612,60.23397129,60.53439575,59.06,55.82,54.33,52.62,52.05,50.66,48.69,47.19,45.2,43.1,40.28,38.41,37.31,37.08,35.32,31.93,30.49,28.36,26.88,24.75
Renewable energy consumption (% of total final energy consumption),EG.FEC.RNEW.ZS,Barbados,BRB,18.94217652,18.48372623,16.98044176,15.11609015,15.11254959,16.03426018,16.80691101,16.40233393,12.13985672,12.81090636,14.32,12.56,11.3,9.95,9.93,9.91,9.9,9.71,8.63,9.4,9.08,4.66,4.21,3.51,3.44,3.16,3.49,5.13,5.79,4.31
Renewable energy consumption (% of total final energy consumption),EG.FEC.RNEW.ZS,Belarus,BLR,0.817357745,0.898691698,1.047870378,1.251142467,2.070323489,2.527815888,3.101309874,3.393372875,3.640444439,3.975864008,5.65,6.26,6.52,6.25,6.27,6.83,7.2,7.28,7.08,7.39,7.3,7.52,7.25,6.97,6.69,6.83,6.74,7.29,7.22,7.83
Renewable energy consumption (% of total final energy consumption),EG.FEC.RNEW.ZS,Belgium,BEL,1.269461495,1.215081737,1.194333201,0.956473288,0.939572924,1.26038954,1.184407099,1.148478311,1.291956464,1.400650838,1.44,1.58,1.68,1.89,2.02,2.46,2.82,3.34,3.91,4.83,6.22,6.66,7.67,8.22,9.13,9.37,9.2,9.64,10.66,10.21
Renewable energy consumption (% of total final energy consumption),EG.FEC.RNEW.ZS,Belize,BLZ,38.01163269,32.44136066,36.28913576,35.5951813,34.08094643,34.92029263,42.68214743,36.65767999,35.32468636,35.03215104,34.55,29.61,31.19,30.18,32.02,31.01,36.8,32.31,34.06,29.18,32.93,44.36,50.07,40.99,37.47,30.34,33.38,36.25,34.64,29.09
Renewable energy consumption (% of total final energy consumption),EG.FEC.RNEW.ZS,Benin,BEN,93.70324086,94.96484833,94.85183513,94.98880117,94.97503519,94.77198722,84.14596757,80.62643185,79.56843189,76.9054247,70.29,66.86,64.04,61.73,60.69,59.2,57.31,54.49,54.76,52.83,47.19,48.7,50.33,51.97,51.05,49.94,45.42,45.38,43.97,46.47
Renewable energy consumption (% of total final energy consumption),EG.FEC.RNEW.ZS,Bermuda,BMU,0,0,0,0,0,0,0,0,0,0,0.46,0.54,0.51,0.51,0.52,0.49,0.44,0.5,0.46,0.43,0.43,0.42,0.44,1.47,0.43,0.55,1.09,0.64,0.67,0.84
Renewable energy consumption (% of total final energy consumption),EG.FEC.RNEW.ZS,Bhutan,BTN,95.89885217,95.91993814,95.28749205,95.85807466,95.29096375,94.37174975,93.24002063,91.35006424,91.53147094,91.56562294,91.4,91.75,91.2,91.92,93.46,91.67,91.92,92.07,91.81,92.38,90.8,89.01,87.32,86.7,86.54,86.68,85.02,83.63,82.22,82.27
Renewable energy consumption (% of total final energy consumption),EG.FEC.RNEW.ZS,Bolivia,BOL,37.35900159,38.28154192,37.05265001,37.23544482,35.51942717,33.53601083,33.13726748,32.76115986,31.40213607,31.54482026,29.74,29.91,28.28,26.31,25.23,23.13,21.48,20.27,17.85,16.21,15.34,13.54,12.8,12.06,10.55,8.02,7.95,7.27,7.37,8.67
Renewable energy consumption (% of total final energy consumption),EG.FEC.RNEW.ZS,Bosnia and Herzegovina,BIH,7.300098695,8.759514761,11.57373703,14.60941503,33.38614494,33.22296632,32.8526732,27.59825743,26.73914622,28.43107732,19.35,20.27,21.21,20.14,20.1,19.73,18.12,14.84,14.28,17.43,19.57,14.16,15.28,19.48,23.68,25.28,23.03,18.52,35.4,37.02
Renewable energy consumption (% of total final energy consumption),EG.FEC.RNEW.ZS,Botswana,BWA,47.58463784,48.0827464,44.7082734,45.88542832,48.27315242,47.17403519,44.68880765,43.99899594,37.39760141,39.83467004,38.46,37.51,36.13,36.21,34.34,33,31.4,29.03,27.86,28.29,29.41,28.41,27.55,26.36,25.38,25.58,26.13,26.12,25.76,25.57
Renewable energy consumption (% of total final energy consumption),EG.FEC.RNEW.ZS,British Virgin Islands,VGB,1.453020078,1.564264933,1.22250937,1.32956033,1.130997674,1.140434635,0.986754472,1.068969552,1.041896071,1.095732939,1.05,1.06,1.03,0.97,0.94,0.76,0.72,0.71,0.71,0.73,0.71,0.89,0.91,0.97,1,1,1.01,1.23,1.26,1.23
Renewable energy consumption (% of total final energy consumption),EG.FEC.RNEW.ZS,Brunei Darussalam,BRN,0.671759471,0.432168224,0.205761341,0,0,0,0,0,0,0,0,0,0,0,0,0,0,0,0,0,0,0.02,0.01,0.01,0.01,0.01,0.01,0.01,0.01,0.01
Renewable energy consumption (% of total final energy consumption),EG.FEC.RNEW.ZS,Bulgaria,BGR,1.916848509,2.250552832,2.681073481,2.467834604,2.380942269,3.106707196,3.546340551,3.809662787,5.889736549,6.627507829,7.97,7.24,8.7,9.16,9.55,9.83,9.96,8.85,9.94,11.62,14.27,13.22,15.63,18.24,17.15,17.85,17.71,17.12,19.6,19.34
Renewable energy consumption (% of total final energy consumption),EG.FEC.RNEW.ZS,Burkina Faso,BFA,93.15806029,93.25382296,93.29009799,93.47999276,93.60809416,93.14020004,92.15659354,91.39095485,91.01254906,86.85491661,85.41,83.68,79.34,79.08,83.53,86.54,84.62,82.43,82.94,83.6,81.45,80.57,77.18,75.43,75.24,72.71,72.27,69.08,66.97,64.85
Renewable energy consumption (% of total final energy consumption),EG.FEC.RNEW.ZS,Burundi,BDI,95.20067222,94.23866263,94.99578261,94.90709274,95.11796023,95.11184389,95.18932706,95.24278522,95.26169809,93.74959579,93.23,94.84,94.65,95.76,96.04,96.01,95.31,95.29,95.15,95.18,92.57,91.65,91.45,91.08,91.28,91.15,89.52,88.12,85.58,84.77
Renewable energy consumption (% of total final energy consumption),EG.FEC.RNEW.ZS,Cabo Verde,CPV,36.63404152,38.08533877,37.96103481,39.48194536,40.41188863,39.07864583,36.16141185,36.57975968,35.25363963,31.17120826,27.88,25.97,25.98,24.83,25.59,23.88,21.8,21.83,23.81,22.08,21.22,20.78,24.26,25.94,26.11,26.35,24.62,22.87,22.93,22.19
Renewable energy consumption (% of total final energy consumption),EG.FEC.RNEW.ZS,Cambodia,KHM,..,..,..,..,..,82.53425217,82.76628823,82.196256,82.00027446,81.67488982,81.58,80.51,80.97,79.92,80.69,79.24,78.01,74.79,74.13,68.04,64.82,63.99,64.36,64.97,63.7,60.63,58.01,56.25,56.38,53.36
Renewable energy consumption (% of total final energy consumption),EG.FEC.RNEW.ZS,Cameroon,CMR,81.59313508,83.18955405,84.43451203,83.93664356,83.60941782,84.47740331,84.93784566,84.57694782,84.37656838,86.12991655,84.59,85.3,85.26,85.3,85.53,86.31,85.51,80.82,80.82,79.25,78.76,78.61,78.53,77.6,76.79,78.06,78.78,79.17,79.25,79.41
Renewable energy consumption (% of total final energy consumption),EG.FEC.RNEW.ZS,Canada,CAN,22.02075369,22.19784052,21.92998463,21.80305888,21.69269302,21.92357632,21.57923752,21.31115038,21.52403671,21.70508086,22.04,21.53,21.77,21.18,21.58,21.99,21.92,21.84,21.91,22.5,21.88,21.84,22.17,22.44,22.49,22.69,22.05,22.47,21.99,22.11
Renewable energy consumption (% of total final energy consumption),EG.FEC.RNEW.ZS,Cayman Islands,CYM,0,0,0,0,0,0,0,0,0,0,0,0,0,0,0,0,0,0,0,0.01,0.01,0.02,0.01,0.01,0.01,0.01,0.01,0.01,0.01,0
Renewable energy consumption (% of total final energy consumption),EG.FEC.RNEW.ZS,Central African Republic,CAF,93.49428096,93.75224827,94.1078509,93.81461505,93.18763868,93.04622541,91.66483327,91.85804071,89.01755746,85.40948207,88.9,88.92,89.22,90.25,90.64,90.96,90.8,90.88,93.64,93.91,93.84,93.33,93.07,95.08,94.82,92.86,92.11,91.58,91.42,91.26
Renewable energy consumption (% of total final energy consumption),EG.FEC.RNEW.ZS,Chad,TCD,98.1635271,98.30370579,98.22817628,98.17379862,98.12368375,98.13852414,98.08858357,97.92378211,97.60122419,97.30035846,88.7,88.6,88.53,83.91,84,83.82,83.74,82.8,80.63,79.78,79.01,82.37,79.73,76.45,76.86,77.35,77.77,78.27,77.7,77.79
Renewable energy consumption (% of total final energy consumption),EG.FEC.RNEW.ZS,Channel Islands,CHI,..,..,..,..,..,..,..,..,..,..,..,..,..,..,..,..,..,..,..,..,..,..,..,..,..,..,..,..,..,..
Renewable energy consumption (% of total final energy consumption),EG.FEC.RNEW.ZS,Chile,CHL,34.02687057,37.27277893,38.61766187,35.77039777,34.81768392,34.16752513,32.2306623,29.9535581,29.74520658,29.05420071,31.36,32.15,33.07,31.62,31.44,32.26,32.91,30.46,30.83,31.53,27.04,28.79,30.31,30.23,26.95,25.07,24.55,24.11,25.46,25.26
Renewable energy consumption (% of total final energy consumption),EG.FEC.RNEW.ZS,Colombia,COL,38.25119669,37.00122769,33.22753559,33.20478787,33.97223636,33.69990182,33.77539831,25.80034772,25.93868376,29.13546988,28.03,27.24,28.8,30.7,29.18,29.08,29.69,30.42,29.97,30.91,29.75,28.91,28.9,32.29,32.38,31.6,30.74,32.53,30.72,30.72
Renewable energy consumption (% of total final energy consumption),EG.FEC.RNEW.ZS,Comoros,COM,49.83857352,50.71266095,50.24473258,49.95204542,59.95919562,59.54349639,60.80219237,59.78107979,49.9613506,49.59409627,69.87,69.51,70.31,64.39,63.52,65.74,61.81,74.36,73.44,68.53,66.39,69.35,67.85,62.51,66.02,64.17,60.5,56.42,55.01,53.43
Renewable energy consumption (% of total final energy consumption),EG.FEC.RNEW.ZS,"Congo, Dem. Rep.",COD,92.04773164,95.13881223,95.87523399,96.11327319,96.60913014,96.89567523,96.96158323,97.05855877,96.84997164,96.99702559,97.94,98.34,98.27,97.97,97.88,97.42,97.33,97.17,96.97,97.02,96.81,96.21,95.47,93.92,92.87,95.82,97.03,96.7,96.38,96.24
Renewable energy consumption (% of total final energy consumption),EG.FEC.RNEW.ZS,"Congo, Rep.",COG,65.41378681,64.5626788,67.60286909,68.41274896,76.47094224,69.79578171,75.40966863,80.1529571,79.73475522,76.95472981,64.86,61.18,68.53,61.99,63.03,63.11,69.42,60.34,56.86,56.03,54.8,64.62,65.3,62.47,62.23,64.15,67.61,69.73,69.34,68.67
Renewable energy consumption (% of total final energy consumption),EG.FEC.RNEW.ZS,Costa Rica,CRI,45.3807809,44.68947084,35.02787271,36.25917298,35.80152388,34.97356676,36.65421713,33.56391353,28.89051122,29.89049818,32.95,32.11,32.54,33.3,39.16,41.73,42.4,41.19,40.7,40.72,40.39,38.02,38.06,37.8,37.62,38.33,36.81,36.2,35.7,35.76
Renewable energy consumption (% of total final energy consumption),EG.FEC.RNEW.ZS,Cote d'Ivoire,CIV,73.58234924,74.01566246,74.55874065,75.12672124,75.6065175,74.88260302,74.0417289,72.13514374,73.44730424,61.93084644,63.72,64.73,65.32,70.32,75.4,77.92,74.79,76.33,74.21,73.71,75.42,79.11,74.9,72.16,71.91,64.51,64.04,62.54,62.99,62.46
Renewable energy consumption (% of total final energy consumption),EG.FEC.RNEW.ZS,Croatia,HRV,21.92317971,33.35454151,29.81103336,29.89999015,30.09833466,30.38452744,34.12650443,29.21115068,28.11439946,27.81084184,26.76,26.92,24.61,24.82,26.56,26.82,25.51,22.66,24.14,27.16,29.75,27.16,29.4,32.82,33.6,33.09,31.83,29.79,32.83,31.6
Renewable energy consumption (% of total final energy consumption),EG.FEC.RNEW.ZS,Cuba,CUB,42.8902011,47.17417518,51.31063637,46.86792497,45.77703154,41.25462639,41.42907161,36.81811856,34.82274699,33.71908331,34.43,34.05,34.8,33.56,33.77,26.31,21.96,18.59,18.73,18.97,15.61,19.2,19.38,18.24,23.16,21.15,19.2,22,24.11,21.54
Renewable energy consumption (% of total final energy consumption),EG.FEC.RNEW.ZS,Curacao,CUW,0,0,0,0.096968998,0.081382537,0.080581862,0.081862977,0.081762955,0.078676188,0.075462531,0.07,0.62,0.59,0.6,0.59,0.57,0.56,0.54,0.47,0.48,0.48,0.47,0.71,1.39,1.66,1.6,1.74,2.22,3.02,2.68
Renewable energy consumption (% of total final energy consumption),EG.FEC.RNEW.ZS,Cyprus,CYP,0.495929367,0.365810347,0.34709919,0.334859875,0.723186986,3.35429847,3.357069083,3.294070781,3.262168212,3.226642523,3.08,3.03,3.16,3.24,3.29,3.34,3.5,4.33,5.47,6.31,6.55,7.66,8.69,9.83,9.59,10.51,10.36,11.03,12.11,12.05
Renewable energy consumption (% of total final energy consumption),EG.FEC.RNEW.ZS,Czechia,CZE,3.571507027,3.97518245,5.900118202,5.817441516,5.907756675,5.302877728,5.241574228,5.648484534,5.966940712,6.477149481,5.94,6.29,7.28,6.72,7.13,7.53,7.88,8.32,8.99,10.25,10.95,12.16,12.8,13.95,14.85,14.84,14.77,14.46,14.72,15.85
Renewable energy consumption (% of total final energy consumption),EG.FEC.RNEW.ZS,Denmark,DNK,7.041559801,7.070898966,7.747445467,7.701496592,7.330399327,7.512178032,7.2611811,8.102729547,8.517843392,9.066353468,10.73,11.12,11.86,12.72,14.44,16.12,15.26,17.69,18.54,19.33,21.2,23.83,26.93,27.05,30.18,32.89,32.17,35.2,34.67,37.52
Renewable energy consumption (% of total final energy consumption),EG.FEC.RNEW.ZS,Djibouti,DJI,26.59282984,27.205443,28.17450585,29.05074092,30.95444828,31.17413291,32.02656213,31.55959518,31.94989459,32.6810786,31.44,31.68,32.44,32.88,33.62,33.09,33.01,32.52,33.14,34,32.54,33.93,32.48,34.04,30.82,28.18,24.91,24.13,27.84,27.92
Renewable energy consumption (% of total final energy consumption),EG.FEC.RNEW.ZS,Dominica,DMA,14.60310056,14.50519587,14.4936266,13.63053081,13.52708613,15.64742183,20.84830851,15.51731238,15.00513746,14.07680977,11.06,9.41,13.6,10.56,11.56,10.8,9.88,8.68,8.45,9.23,10.28,13.8,11.33,11.57,9.97,8.8,10.88,9.84,8.3,8.05
Renewable energy consumption (% of total final energy consumption),EG.FEC.RNEW.ZS,Dominican Republic,DOM,28.01157941,28.16324308,25.35685792,26.848086,24.43897354,22.3363448,20.31094881,18.2511336,19.751092,19.53729021,19.11,18.89,17.94,18.94,20.67,19.44,17.98,17.89,17.68,17.34,16.91,16.75,16.48,16.55,17.28,14.88,15.31,16.87,15.95,13.98
Renewable energy consumption (% of total final energy consumption),EG.FEC.RNEW.ZS,Ecuador,ECU,24.19854913,24.1630989,20.80035871,21.61848328,20.85316821,20.35412872,19.29146026,16.54279275,18.19074897,21.05577975,19.43,17.05,17.1,16.55,16.73,16.16,14.19,15.88,15.32,12.87,11.79,13.15,13.2,11.85,12.18,13.07,14.75,17.05,16.33,17.73
Renewable energy consumption (% of total final energy consumption),EG.FEC.RNEW.ZS,"Egypt, Arab Rep.",EGY,8.50246618,9.052034733,8.715058342,8.839282691,9.82896842,9.00303479,8.678075881,8.3447404,8.248502183,8.559742102,8.26,7.82,7.35,7.45,7.57,6.48,6.22,6.05,6.17,5.9,5.57,5.53,5.5,5.49,5.59,5.45,5.31,5.1,5.23,5.3
Renewable energy consumption (% of total final energy consumption),EG.FEC.RNEW.ZS,El Salvador,SLV,67.13703581,64.72591405,61.68876525,59.34207974,57.19833677,54.74697924,56.93744493,53.06236276,51.58657898,51.00757387,33.51,33.11,34.02,33.85,33.33,34.08,34.76,28.24,31.5,32.2,32.62,29.52,30.27,27.54,23.95,21.03,20.71,24.99,23.21,19.39
Renewable energy consumption (% of total final energy consumption),EG.FEC.RNEW.ZS,Equatorial Guinea,GNQ,84.71085961,83.95967834,84.00681275,84.45892842,83.68956438,82.48286631,76.74822553,66.02912993,68.01762394,61.8190192,45.85,46.12,31.31,29.49,7.2,7.1,6.99,8.49,7.23,9.24,5.74,5.58,4.42,3.68,4.2,4.56,3.95,3.54,4.91,6.58
Renewable energy consumption (% of total final energy consumption),EG.FEC.RNEW.ZS,Eritrea,ERI,..,..,89.82007496,83.56583446,80.09388036,77.89126842,76.37714613,77.60116716,75.0037673,76.12965999,76.62,74.68,74.67,74.89,69.91,74.65,78.34,79.8,81.72,81.63,81.07,79.71,78.14,78.14,77.8,77.56,77.31,75.37,74.03,73.67
Renewable energy consumption (% of total final energy consumption),EG.FEC.RNEW.ZS,Estonia,EST,3.356078624,3.526222823,5.906591687,6.705185471,9.285196116,12.32338571,19.54482955,19.73990197,17.74648609,20.0693577,19.83,18.93,19.41,19.82,19.97,18.85,17.18,18.56,20.29,24.13,25.35,24.98,24.88,24.43,25.3,28.16,27.24,27.53,28.59,31.29
Renewable energy consumption (% of total final energy consumption),EG.FEC.RNEW.ZS,Eswatini,SWZ,85.24571644,86.67092071,92.26300469,91.99371049,73.21345435,72.75630464,75.50236416,47.92769592,49.1072865,48.86559597,59.39,61.24,63.65,65.59,65.64,66.56,71.42,71.35,72.68,70.83,72.39,72.52,71.41,69.7,71.67,71.68,69.61,65.54,66.07,65.95
Renewable energy consumption (% of total final energy consumption),EG.FEC.RNEW.ZS,Ethiopia,ETH,96.63538677,96.71128918,97.74041451,97.19865822,96.88388584,96.62013956,96.35197819,96.22085637,96.10024144,96.18948969,95.55,94.6,94.53,94.23,94.13,94.73,94.54,94.16,94.09,94.18,94.11,93.56,93.3,92.49,91.25,91.56,90.49,90.22,89.42,88.92
Renewable energy consumption (% of total final energy consumption),EG.FEC.RNEW.ZS,Faroe Islands,FRO,2.544771435,2.728308099,3.105643723,3.051959953,3.150943502,3.21403055,2.70580242,3.259648044,3.140740852,2.792078116,2.77,2.56,3.4,3.11,3.42,3.84,4.3,4.54,4.51,5.12,3.38,5,4.7,4.53,6.54,7.47,6.32,5.97,5.86,5.4
Renewable energy consumption (% of total final energy consumption),EG.FEC.RNEW.ZS,Fiji,FJI,53.09400578,60.06656714,58.58567621,59.00613691,63.77672905,60.06116039,59.71412872,54.96202209,49.79259898,56.05448416,50.06,40.44,48.98,40.83,35.72,40.02,39.07,36.04,40.89,40.09,26.49,31.15,31.73,32.81,33.17,32.74,27.68,28.55,25.8,26.48
Renewable energy consumption (% of total final energy consumption),EG.FEC.RNEW.ZS,Finland,FIN,24.50843148,24.02701841,25.1233986,26.00353667,25.13194022,27.26640999,26.87055152,28.82844554,30.49796922,30.2360817,31.68,29.25,29.52,28.35,31.1,31.52,31.25,31.8,34.61,32.46,33.43,35.14,38.72,38.52,41.25,43.23,42.4,44.48,44.17,45.76
Renewable energy consumption (% of total final energy consumption),EG.FEC.RNEW.ZS,French Polynesia,PYF,4.731666167,4.856138097,7.858477978,8.297839127,7.691394657,9.38027879,8.180515994,8.264821671,11.19419933,7.932555322,9.85,7.37,6.77,7.82,8.77,8.72,11,10.57,10.04,10.03,7.47,6.89,6.64,6.49,7.45,7.83,8.08,8.07,7.72,7.67
Renewable energy consumption (% of total final energy consumption),EG.FEC.RNEW.ZS,Gabon,GAB,78.28066537,75.15044417,74.78172263,73.80512252,72.89299679,71.94392004,71.48673745,69.97319613,69.66973571,71.34133842,72.78,72.42,79.82,83.63,85.78,85.25,86.16,87.35,87.32,88,85.86,79.71,75.49,82.19,81.3,81.95,80.77,90.1,90.13,89.88
Renewable energy consumption (% of total final energy consumption),EG.FEC.RNEW.ZS,"Gambia, The",GMB,61.44186978,61.80167206,62.93559354,62.67979763,60.98352682,59.57769467,59.07476518,58.19181491,56.93436054,55.8153443,62.86,59.61,60.97,62.41,61.25,61.71,60.21,57.27,56.28,53.91,56.6,56.24,56.95,59.33,53.17,48.95,48.62,48.02,49.01,49.24
Renewable energy consumption (% of total final energy consumption),EG.FEC.RNEW.ZS,Georgia,GEO,12.77399758,14.11875079,18.54205164,26.02618776,22.7022876,46.39465091,42.75395574,44.36379605,47.52898403,49.66308742,47.25,53.15,56.76,55.33,54.53,41.48,37.22,36.22,36.3,36.72,39.15,31.53,28.69,33.16,31.34,28.15,27.64,28.03,27.94,25.22
Renewable energy consumption (% of total final energy consumption),EG.FEC.RNEW.ZS,Ghana,GHA,80.62642197,82.92837888,81.00123289,81.29729113,80.55763554,79.78934678,78.82919725,78.33904479,73.57807149,72.78388842,71.62,69.32,65.68,64.47,62.38,61.43,58.56,54.53,57.34,51.9,51.91,50.09,46.5,46.19,47.69,44.02,45.22,44.43,41.48,41.8
Renewable energy consumption (% of total final energy consumption),EG.FEC.RNEW.ZS,Gibraltar,GIB,0,0,0,0,0,0,0,0,0,0,0,0,0,0,0,0,0,0,0,0,0,0,0,0,0,0,0,0,0,0
Renewable energy consumption (% of total final energy consumption),EG.FEC.RNEW.ZS,Greece,GRC,7.806882299,8.316861357,7.899382836,7.994609524,8.037282969,8.311389769,8.209182043,7.8340383,7.380368096,7.834060225,7.82,7.11,7.33,7.6,7.85,8.01,8.51,8.05,8.32,9.19,11.37,11.38,14.17,16.61,16.41,17.47,16.41,16.38,17.86,18.51
Renewable energy consumption (% of total final energy consumption),EG.FEC.RNEW.ZS,Greenland,GRL,0,0,0,6.140920374,14.04071386,13.32327375,13.28639236,12.51043999,12.82447149,12.35913462,8.8,8.35,9.12,9.09,6.38,6.68,6.83,6.6,6.59,8.51,9.75,9.87,9.76,10.8,12.15,12.72,12.05,11.05,13.49,12.6
Renewable energy consumption (% of total final energy consumption),EG.FEC.RNEW.ZS,Grenada,GRD,8.342131789,8.106446363,7.737627143,8.074689475,7.430736491,7.41831073,6.146773411,8.325807873,10.11058554,10.29564426,10.5,10.42,10.46,10.44,10.56,10.57,10.36,9.9,10.69,10.47,10.53,11.27,11.38,10.92,11.26,11.07,11.4,11.48,10.69,10.37
Renewable energy consumption (% of total final energy consumption),EG.FEC.RNEW.ZS,Guam,GUM,0,0,0,0,0,0,0,0,0,0,0,0,0,0,0,0,0,0,0,0,0,0,0,0,0,1.26,3.03,2.96,3.04,3.02
Renewable energy consumption (% of total final energy consumption),EG.FEC.RNEW.ZS,Guatemala,GTM,74.96532992,74.25517348,72.28554101,69.92344712,68.49048572,65.14275077,65.72537786,65.30400269,62.03969591,64.60552182,62.75,61.35,63.84,64.37,66.17,65.32,64.81,63.36,66.59,65.35,67.17,67.19,67.45,67.29,66.36,63.4,63.34,65.09,64.12,62.92
Renewable energy consumption (% of total final energy consumption),EG.FEC.RNEW.ZS,Guinea,GIN,89.29714418,89.40823443,86.33088557,86.17826883,85.94983491,89.93027027,88.83626377,85.30773458,84.35999679,86.31689695,85.52,84.84,84.27,83.47,83.19,81.56,81.06,80.36,80.15,79.25,75.71,74.75,76.36,78.53,78.57,76.23,75.29,71.96,69.88,65.44
Renewable energy consumption (% of total final energy consumption),EG.FEC.RNEW.ZS,Guinea-Bissau,GNB,88.57960543,88.57252229,88.51385297,88.03747267,88.52340019,88.55112113,89.40361011,88.36343874,89.01921391,88.05840681,91.24,91.21,91.04,89.05,88.55,88.53,88.29,87.9,88.42,87.89,87.81,87.87,87.81,87.71,87.28,87.15,86.73,86.8,86.59,86.24
Renewable energy consumption (% of total final energy consumption),EG.FEC.RNEW.ZS,Guyana,GUY,42.2339423,33.30546197,42.46382348,44.42552202,39.70794807,38.38139979,38.60819361,36.9338793,34.65207317,35.74764476,29.75,30.41,33.73,34.1,35.05,34.13,36.28,32.63,32.03,31.09,30.29,32.57,28.41,26.27,24.02,24.95,21.41,22.18,16.81,11.35
Renewable energy consumption (% of total final energy consumption),EG.FEC.RNEW.ZS,Haiti,HTI,81.1195732,81.69235366,83.42712044,84.60971336,95.03960073,81.31914933,82.18016366,80.58819682,79.30019636,77.06392289,80.85,80.88,79.08,79.02,81.11,81.11,81.37,79.26,79.64,80.33,78.99,79.01,82.19,80.39,77.77,76.12,76.13,76.17,76.25,76.4
Renewable energy consumption (% of total final energy consumption),EG.FEC.RNEW.ZS,Honduras,HND,70.12908225,70.20188484,67.74912406,66.72504953,63.94686672,62.96969789,62.63058615,65.38147506,62.87304503,53.76411139,55.24,50.4,49.76,47.94,46.7,51.62,52.49,50.87,50.32,51.33,52.16,51.92,52.27,51.07,53.63,52.68,52.77,45.92,49.76,45.96
Renewable energy consumption (% of total final energy consumption),EG.FEC.RNEW.ZS,"Hong Kong SAR, China",HKG,1.073856299,1.041433078,0.888650756,0.898034879,0.805322432,0.837325883,0.858603628,0.842976092,0.618445885,0.52505826,0.05,0.06,0.08,0.08,0.09,0.08,0.07,0.1,0.13,0.11,0.15,0.48,0.17,0.26,0.23,0.2,0.16,0.2,0.23,0.23
Renewable energy consumption (% of total final energy consumption),EG.FEC.RNEW.ZS,Hungary,HUN,3.856669561,4.27666391,4.886103146,5.046239461,5.106918467,5.417597575,5.143343973,5.23053173,5.188747806,5.158472171,5.17,5.12,5.17,5.01,4.63,7.29,7.86,9,8.96,12.29,13.46,14.74,16.47,17.18,15.72,15.6,15.34,14.54,13.58,13.64
Renewable energy consumption (% of total final energy consumption),EG.FEC.RNEW.ZS,Iceland,ISL,54.67215495,54.78742376,54.63326131,54.65954212,54.13755312,55.65071671,52.25319555,54.88195631,57.21244566,59.81767631,60.66,62.12,61.84,61.88,61.81,62.47,64.02,67.52,74,74.69,75.96,77.19,77.82,76.73,76.99,77.33,80.25,80.08,80.71,81.07
Renewable energy consumption (% of total final energy consumption),EG.FEC.RNEW.ZS,"Iran, Islamic Rep.",IRN,1.238359584,1.226917409,1.44947072,1.528147068,1.086965059,1.0180873,1.032272155,0.898423541,0.841574849,0.585858647,0.44,0.52,0.67,0.83,0.74,1.4,1.4,1.3,0.7,0.78,0.9,0.92,0.93,0.99,0.93,0.91,1.04,0.98,1,0.98
Renewable energy consumption (% of total final energy consumption),EG.FEC.RNEW.ZS,Iraq,IRQ,1.596326357,0.746342013,0.490534585,0.389340087,0.357378714,0.373227147,0.350157932,0.362383357,0.390140044,0.384234168,0.36,0.35,0.31,0.35,0.36,2.43,2.56,2,1.15,1.21,1.67,1.14,1.3,1.46,1,0.82,0.94,0.57,0.49,0.43
Renewable energy consumption (% of total final energy consumption),EG.FEC.RNEW.ZS,Ireland,IRL,2.279781342,2.229175901,2.158728425,2.107048335,2.175584613,1.922436471,1.934751442,1.9007389,2.27773144,2.056848,2.04,1.97,2.25,2.01,2.31,2.89,3.23,3.57,4.21,5.3,5.31,6.61,6.64,7.44,8.55,9.2,8.59,10.1,10.78,12.34
Renewable energy consumption (% of total final energy consumption),EG.FEC.RNEW.ZS,Isle of Man,IMN,..,..,..,..,..,..,..,..,..,..,0,0,1.48,1.12,6.28,2.68,3.27,1.94,1.31,1.87,1.93,2.85,3.5,2.06,1.85,2.17,1.96,1.88,2.04,1.9
Renewable energy consumption (% of total final energy consumption),EG.FEC.RNEW.ZS,Israel,ISR,5.800245158,6.025400839,6.244880714,5.891055897,5.649078182,5.43627427,5.446613082,5.697907803,6.074627123,5.868728881,5.96,6.3,6.5,6.52,6.73,7.03,6.86,6.72,8.9,8.46,8.55,9.08,2.88,3.27,3.7,3.74,3.98,3.86,3.75,4.47
Renewable energy consumption (% of total final energy consumption),EG.FEC.RNEW.ZS,Jamaica,JAM,7.633355058,7.693223527,8.675913055,10.54331528,9.25980061,10.77960641,10.12420147,10.29331271,9.371866014,9.331297862,9.37,7.95,8.07,8.18,6.4,5.43,4.82,5.35,5.99,7.51,8.98,9.84,12.16,11.39,11.88,12.12,11.07,10.98,8.88,9.09
Renewable energy consumption (% of total final energy consumption),EG.FEC.RNEW.ZS,Jordan,JOR,2.765358064,2.882681815,2.533882567,2.527654423,2.335692389,2.220038422,2.192558596,2.139881015,2.201988402,2.179028583,2.09,2.12,2.09,1.98,1.83,1.69,2.28,2.32,2.74,2.78,2.95,3,2.91,3.12,3.1,3.19,4.67,5.26,7.2,8.17
Renewable energy consumption (% of total final energy consumption),EG.FEC.RNEW.ZS,Kazakhstan,KAZ,1.407717208,1.287376689,1.174517705,1.343463434,1.834412599,1.575746043,1.633778692,1.671015281,1.536731318,1.788634985,2.5,2.41,2.77,2.28,1.89,2.09,2.13,1.83,1.15,1.31,1.38,1.38,1.33,1.16,1.34,1.72,2.07,2.02,1.88,1.7
Renewable energy consumption (% of total final energy consumption),EG.FEC.RNEW.ZS,Kenya,KEN,77.5040046,78.82613152,79.44379516,80.20642471,80.83032369,79.51198685,78.73470094,79.53796915,79.67732846,79.45869997,78.86,80.18,80.59,83.25,82.31,81.26,79.83,80.35,80.64,78.35,76.5,77.31,78.71,76.73,74.95,72.04,70.94,71.3,72.47,68.08
Renewable energy consumption (% of total final energy consumption),EG.FEC.RNEW.ZS,Kiribati,KIR,5.220941832,5.095217364,5.02663994,4.240036782,4.449112176,4.300035606,3.747151567,4.213861771,4.18450097,4.328067887,55.85,55.6,49.11,48.78,46.99,41.47,39.45,44.6,41.53,44.6,48.38,48.85,47.08,44.53,46.41,45.73,46.49,41.15,41.03,41.03
Renewable energy consumption (% of total final energy consumption),EG.FEC.RNEW.ZS,"Korea, Dem. People's Rep.",PRK,7.189592068,7.538102531,7.739543342,7.998526686,8.989769326,9.598558461,10.20747007,9.641619885,9.889996579,9.384179411,8.72,8.62,9.02,9.26,9.37,9.23,8.96,10.9,10.2,12.42,13.61,18.27,17.83,24.05,21.23,23.31,22.04,11.98,13.19,11.31
Renewable energy consumption (% of total final energy consumption),EG.FEC.RNEW.ZS,Kosovo,XKX,..,..,..,..,..,..,..,..,..,..,28.27,23.91,24.09,23.8,24.11,22.9,22.13,21.18,20.56,20.85,20.82,19.75,20.89,20.93,21.38,20.37,26.52,25.26,27,26.1
Renewable energy consumption (% of total final energy consumption),EG.FEC.RNEW.ZS,Kuwait,KWT,0.165242348,0.354049306,0.167661774,0.061990072,0.038770647,0.115747062,0.069506753,0,0,0,0,0,0,0,0,0,0,0,0,0,0,0,0,0,0,0.01,0.01,0.02,0.03,0.06
Renewable energy consumption (% of total final energy consumption),EG.FEC.RNEW.ZS,Kyrgyz Republic,KGZ,7.927699743,9.017271095,12.99597743,16.20028754,26.51676391,34.97478009,29.49900052,28.74945786,25.07425345,34.54898822,35.16,36,28.3,30.51,27.71,28.03,27.76,24.49,22.04,24.73,25.59,25.95,22.45,24.81,26.6,23.3,21.92,24.55,23.21,27.88
Renewable energy consumption (% of total final energy consumption),EG.FEC.RNEW.ZS,Lao PDR,LAO,88.44509701,88.10488917,87.11926405,86.92811073,86.57556326,85.96918282,85.64689193,85.91645634,86.22817828,86.54876962,81.54,81.09,80.19,78.74,73.98,73.93,69.81,70.67,69.27,66.45,64.85,63.63,62.36,58.57,58.25,53.27,51.7,50.58,50.22,48.43
Renewable energy consumption (% of total final energy consumption),EG.FEC.RNEW.ZS,Latvia,LVA,17.56969052,18.68121836,21.59232003,25.38211766,28.34083494,32.4288069,32.0253796,32.89142112,35.34881087,36.33113045,35.82,35.35,34.38,34.34,36.11,36.3,34,33.08,33.71,38.4,33.07,35.54,40.37,39.6,40.24,38.1,38.48,42.6,40.97,41.52
Renewable energy consumption (% of total final energy consumption),EG.FEC.RNEW.ZS,Lebanon,LBN,11.34168091,8.525147476,8.044073781,5.463977901,5.364536382,4.527380368,5.032160585,4.701475792,5.540788112,4.264212573,4.89,4.66,5.97,7.38,6.56,6.97,7.04,7.94,5.4,4.31,5.7,6.18,5.56,5.92,4.24,4.17,3.96,3.97,4.75,5.46
Renewable energy consumption (% of total final energy consumption),EG.FEC.RNEW.ZS,Lesotho,LSO,52.02797925,51.94824643,51.36197501,50.99429076,50.81483839,50.77747737,50.78932871,50.60004505,50.62036282,56.87991869,56.7,56.5,56.16,55.94,55.41,55.31,55.46,55.33,54.99,53.98,52.98,42.21,40.53,45.58,42.39,44.94,43.55,39.62,40.22,39.47
Renewable energy consumption (% of total final energy consumption),EG.FEC.RNEW.ZS,Liberia,LBR,88.81723914,90.06814138,88.92724236,87.44361294,86.8545271,86.59740669,86.9857348,87.65245417,88.0034271,90.05095136,90.88,90.86,91.14,90.35,89.56,87.76,87.59,89.83,91.84,91.81,88.59,87.1,86.21,87.54,84.02,83.93,82.66,84.77,87.06,87.24
Renewable energy consumption (% of total final energy consumption),EG.FEC.RNEW.ZS,Libya,LBY,3.129308451,3.011596948,2.88670662,2.701567951,2.363397059,2.191640686,2.101735794,2.122498808,2.147992808,2.044955649,2.04,2.92,2.86,2.85,2.73,2.61,2.79,2.95,2.78,2.51,2.37,3.09,2.72,2.48,2.41,3.05,2.58,2.72,2.75,2.8
Renewable energy consumption (% of total final energy consumption),EG.FEC.RNEW.ZS,Liechtenstein,LIE,..,..,..,..,..,..,..,..,..,..,53.95,51.59,51.26,50.24,50.31,49.87,50.84,53.36,52.96,55.15,52.31,55.26,55.5,53.53,54.97,55.53,55.82,55.33,56.81,56.13
Renewable energy consumption (% of total final energy consumption),EG.FEC.RNEW.ZS,Lithuania,LTU,3.096778514,2.887549503,4.609238189,8.890993356,9.823367245,10.34126673,11.47351421,11.61951371,12.92659288,14.97327391,17.19,17.59,17.89,18.07,18.07,17.51,17.46,17.06,18.34,20.09,21.46,22.74,23.92,26.34,27.73,28.96,31.47,33.78,33.73,33.53
Renewable energy consumption (% of total final energy consumption),EG.FEC.RNEW.ZS,Luxembourg,LUX,1.721832398,1.700140165,2.012050464,1.991929201,2.820830015,3.990915421,3.065372097,4.386336023,6.730018593,5.86317309,6.81,3.42,1.32,1.28,1.35,1.87,2.08,3.64,3.96,3.73,3.68,3.76,4.15,5.72,6.85,9.09,13.5,15.33,16.09,16.45
Renewable energy consumption (% of total final energy consumption),EG.FEC.RNEW.ZS,"Macao SAR, China",MAC,0.66098296,0.649200603,0.602446546,0.551479179,0.52058058,0.501743346,0.414436437,0.190800197,0.194542265,0.192829362,0.18,0.8,1.19,2.16,2.2,2,2.49,3.42,4.66,2.97,5.49,6.37,11.13,16.61,11.45,5.41,5.38,3.87,8.43,8.43
Renewable energy consumption (% of total final energy consumption),EG.FEC.RNEW.ZS,Madagascar,MDG,85.64727683,84.85701768,85.2285706,85.5159723,82.78797303,82.94431706,82.50908742,77.25774489,76.2920379,78.22292789,82.62,84.32,87.35,84.99,84.44,84.94,86.03,86.19,86.14,87.07,86.66,84.6,83.4,81.17,80.12,80.55,83.85,81.32,83.74,82.77
Renewable energy consumption (% of total final energy consumption),EG.FEC.RNEW.ZS,Malawi,MWI,84.03097805,82.66823938,82.75231597,81.3447041,82.03188939,81.70100337,81.44909194,81.23050767,81.92500993,80.47980806,82.62,83.13,83.3,82.83,82.45,83.17,82.8,82.21,80.39,80.01,81.21,80.17,80.11,79.68,82.7,80.87,78.69,75.94,73.03,73.02
Renewable energy consumption (% of total final energy consumption),EG.FEC.RNEW.ZS,Malaysia,MYS,11.98054361,11.15343552,10.26621727,10.02585191,9.925926912,9.029613848,7.473082671,6.705587222,7.16784032,7.342714823,4.44,4.26,3.57,3.33,3.22,3.01,3.13,2.85,3.04,2.27,1.96,2.16,2.52,2.75,3.03,3.41,4.43,5.22,5.31,5.11
Renewable energy consumption (% of total final energy consumption),EG.FEC.RNEW.ZS,Maldives,MDV,4.458738895,4.454719919,3.133233766,3.816662224,4.022887919,3.31846451,3.160978578,2.723045951,3.027277981,2.200418608,2.34,2.26,1.78,2.22,1.67,1.95,1.59,1.52,1.53,1.49,1.36,1.34,1.2,1.26,1.2,1.38,1.21,1.25,1.12,1.11
Renewable energy consumption (% of total final energy consumption),EG.FEC.RNEW.ZS,Mali,MLI,88.63756683,88.62487515,87.97736685,87.49896342,87.79954242,88.0724996,87.85279261,87.72877328,85.59891348,85.31537817,83.47,82.1,83.58,85.79,81.53,82.33,81.65,78.87,74.99,78.68,79.24,78.85,78.7,80.92,80.93,79.93,76.16,76.37,76.61,76.64
Renewable energy consumption (% of total final energy consumption),EG.FEC.RNEW.ZS,Malta,MLT,0,0,0,0,0,0,0,0,0,0,0,0,0.09,0.1,0.12,0.14,0.17,0.2,0.22,0.26,1.22,1.97,2.67,3.24,4.48,5.98,9.22,7.27,7.54,7.7
Renewable energy consumption (% of total final energy consumption),EG.FEC.RNEW.ZS,Marshall Islands,MHL,..,..,19.34025553,18.99673494,19.44212537,19.38156204,19.62687137,19.69149984,19.55586459,19.4510482,19.57,19.08,18.63,18.56,18.4,18.38,16.96,15.21,14.78,13.96,13.31,12.06,12.03,12.08,11.75,11.32,11.75,11.75,11.72,11.7
Renewable energy consumption (% of total final energy consumption),EG.FEC.RNEW.ZS,Mauritania,MRT,46.99974359,46.66243675,46.42320374,46.06398622,45.49209303,45.24920215,43.87733836,43.80722341,46.00898666,43.92591448,44.41,44.18,42.13,40.17,38.59,38.77,39.12,35.63,35.8,33.43,34,33.28,31.84,35.02,30.92,28.2,31.66,26.54,25.17,24.7
Renewable energy consumption (% of total final energy consumption),EG.FEC.RNEW.ZS,Mauritius,MUS,47.06782744,43.34216479,43.15975375,38.77109343,35.4288668,38.83451453,35.56392632,36.44106497,33.52735265,21.04519731,20.42,20.08,17.93,18.9,19.08,17.65,16.41,15.69,12.73,12.78,12.77,12.01,11.45,11.39,10.59,11.49,10.33,9.42,9.19,8.94
Renewable energy consumption (% of total final energy consumption),EG.FEC.RNEW.ZS,"Micronesia, Fed. Sts.",FSM,..,..,1.461362285,1.551318982,1.478206168,1.405025253,1.491529559,1.4925617,1.556929335,1.226794953,1.27,1.41,1.6,0.86,1.02,1.35,1.37,1.2,1.44,1.15,1.95,1.57,1.42,1.41,1.4,1.44,1.57,1.41,1.75,1.78
Renewable energy consumption (% of total final energy consumption),EG.FEC.RNEW.ZS,Moldova,MDA,1.140957938,1.616865945,2.174911252,2.394828577,2.576918605,2.842618294,3.660394166,3.85207263,4.075334345,4.874368429,5.72,5.6,5.83,5.92,4.85,4.27,4.98,4.44,4.93,4.84,20.01,20.37,22.14,23.82,24.31,24.73,25.3,26.07,25.75,22.04
Renewable energy consumption (% of total final energy consumption),EG.FEC.RNEW.ZS,Monaco,MCO,..,..,..,..,..,..,..,..,..,..,..,..,..,..,..,..,..,..,..,..,..,..,..,..,..,..,..,..,..,..
Renewable energy consumption (% of total final energy consumption),EG.FEC.RNEW.ZS,Mongolia,MNG,1.89262443,1.969590208,2.400168887,2.67180483,3.043395543,3.009338219,3.440849083,3.394397715,3.739136922,3.593976009,5.73,6.09,6.51,6.09,5.76,5.34,4.48,4.7,4.66,4.43,4.46,4.04,2.97,3.01,3.34,3.55,3.39,3.19,3.26,3.32
Renewable energy consumption (% of total final energy consumption),EG.FEC.RNEW.ZS,Montenegro,MNE,..,..,..,..,..,..,..,..,..,..,..,..,..,..,..,47.61,44.83,42.27,38.76,49.16,49.09,42.77,45.86,49.34,45.95,42.96,43.89,37.77,40.6,38.74
Renewable energy consumption (% of total final energy consumption),EG.FEC.RNEW.ZS,Morocco,MAR,19.48255574,19.5554268,18.13514015,17.63590896,17.06127737,17.16420329,17.84958758,17.5216153,16.87740436,15.40813047,15.26,15.12,14.94,15.71,23,20.15,18.14,16.46,14.62,14.26,13.92,11.88,10.93,11.59,11.14,11.25,11.06,10.45,10.9,10.69
Renewable energy consumption (% of total final energy consumption),EG.FEC.RNEW.ZS,Mozambique,MOZ,93.10356192,94.29900897,93.11869675,91.96491433,93.19360545,92.84474016,93.12502576,92.64444257,94.00556701,94.16655406,93.64,93.01,93.22,92.73,92.94,93.67,93.06,87.53,88.11,86.12,84.89,85.97,85.15,83.73,81.92,80.8,78.2,78.9,79.57,78.08
Renewable energy consumption (% of total final energy consumption),EG.FEC.RNEW.ZS,Myanmar,MMR,90.90734721,91.11866943,90.78634823,89.24739761,87.96659097,85.22036041,84.6098368,85.16242502,83.35448156,81.87977107,80.17,82.48,83.12,79.86,80.47,79.82,81.46,80.7,85.71,85.48,84.93,84.08,78.46,75.96,72.43,70.43,69.25,59.92,59.55,57.85
Renewable energy consumption (% of total final energy consumption),EG.FEC.RNEW.ZS,Namibia,NAM,..,43.17915851,41.45306323,39.24139909,34.3186226,33.69714773,33.34622207,32.65573311,34.18339055,35.44250141,34.73,30.32,33.74,33.3,34.75,34.54,35.32,35.84,32.33,33.21,31.03,31.46,31.74,30.55,30.09,28.99,29.33,29.94,30.66,30.69
Renewable energy consumption (% of total final energy consumption),EG.FEC.RNEW.ZS,Nauru,NRU,0,0,0,0,0,0,0,0,0,0,0,0,0,0,0,0,0.07,0.08,0.08,0.04,0.03,0.05,0.07,0.06,0.05,0.1,0.18,0.6,0.66,0.61
Renewable energy consumption (% of total final energy consumption),EG.FEC.RNEW.ZS,Nepal,NPL,95.11971454,94.18864784,94.16105031,93.54555431,92.38024198,91.7324023,91.51546258,90.70866046,90.49117946,88.05242779,88.29,87.76,89.95,89.44,90.3,89.52,91.25,91.31,90.47,88.93,87.29,86.95,84.7,86.05,84.06,85.04,79.2,76.41,74.27,77.39
Renewable energy consumption (% of total final energy consumption),EG.FEC.RNEW.ZS,New Caledonia,NCL,10.15799083,7.411591005,6.507185968,5.322784854,5.421417749,4.381213255,6.701972319,7.583674984,8.033848313,9.06135673,7.54,6.72,5.28,4.93,5.2,5.08,4.52,5.82,7.78,6.96,4.85,5.93,6.17,6.56,4.29,5.09,3.7,5.08,4.77,5.4
Renewable energy consumption (% of total final energy consumption),EG.FEC.RNEW.ZS,New Zealand,NZL,30.03059277,29.67894686,27.60858014,29.24854195,30.19779515,30.58454268,29.44858311,27.6501627,29.5896025,28.65976545,29.13,27.13,28.98,28.35,30.76,29.46,29.59,29.35,28.39,30.56,31.68,32.65,31.02,30.36,31.09,31.24,31.83,30.22,30.73,29.65
Renewable energy consumption (% of total final energy consumption),EG.FEC.RNEW.ZS,Nicaragua,NIC,68.76593683,70.52304723,67.1172329,67.56142093,64.49447551,64.53607043,63.9430744,62.73374862,60.41723999,59.38437324,58.42,56.66,54.67,51.49,51.17,52.76,53.29,52.61,53.77,54.56,54.44,53.3,53.27,54.28,53.02,50,49.54,48.91,51.44,50.71
Renewable energy consumption (% of total final energy consumption),EG.FEC.RNEW.ZS,Niger,NER,..,..,..,..,..,..,..,..,..,..,87.62,87.7,87.74,86.97,86.99,87.54,87.43,86.17,86.06,83.25,80.67,77.23,72.71,78.7,78.08,78.88,80.25,82.01,82,80.83
Renewable energy consumption (% of total final energy consumption),EG.FEC.RNEW.ZS,Nigeria,NGA,87.77597276,86.50356978,84.52166667,86.33207411,88.61137244,88.03973723,87.11372183,85.55128917,87.08094317,87.12225247,86.21,84.67,84.6,82.95,84.05,84.01,85.93,87.28,86.25,88.68,86.46,84.63,84.57,82.19,80.64,82.15,82.02,82.32,82.28,81.4
Renewable energy consumption (% of total final energy consumption),EG.FEC.RNEW.ZS,North Macedonia,MKD,2.410188215,4.42483482,16.00799263,14.84916302,16.58245672,17.80181786,14.20693961,15.90121,15.07137814,17.67681234,19.38,15.17,14.63,17.29,18.2,19.03,19.8,15.71,15.61,18.43,22.3,18.62,18.27,21.16,21.19,23.91,21.37,19,20.87,16.32
Renewable energy consumption (% of total final energy consumption),EG.FEC.RNEW.ZS,Northern Mariana Islands,MNP,..,..,0,0,0,0,0,0,0,0,0,0,0,0,0,0,0,0,0,0,0,0,0,0,0,0,0,0,0,0
Renewable energy consumption (% of total final energy consumption),EG.FEC.RNEW.ZS,Norway,NOR,59.17374641,60.78488034,61.37896386,61.09732838,60.39894619,60.04712533,57.85055497,58.83887869,59.51691634,59.4149466,60.18,59.59,59.47,56.23,56.85,58.56,57.02,57.36,58.45,56.72,56.37,56.71,58,57.42,56.9,58.12,59.39,61.09,60.75,62.37
Renewable energy consumption (% of total final energy consumption),EG.FEC.RNEW.ZS,Oman,OMN,0,0,0,0,0,0,0,0,0,0,0,0,0,0,0,0,0,0,0,0,0,0,0,0,0,0,0,0,0,0
Renewable energy consumption (% of total final energy consumption),EG.FEC.RNEW.ZS,Pakistan,PAK,57.50053324,58.09129374,55.98220548,54.14818931,54.19575992,53.12287602,52.16974292,51.93672445,51.6034781,50.2344767,51.05,51.54,51.39,50.09,47.93,47.96,47.04,44.85,46.63,46.43,47.4,46.76,47.2,48.13,47.22,45.88,43.69,42.09,43.3,43.36
Renewable energy consumption (% of total final energy consumption),EG.FEC.RNEW.ZS,Palau,PLW,..,..,0,0,0,0,0,0,0,0,0,0,0,0,0,0,0,0,0,0,0,0,0,0,0.02,0.04,0.05,0.05,0.3,0.29
Renewable energy consumption (% of total final energy consumption),EG.FEC.RNEW.ZS,Panama,PAN,43.58944565,41.25841732,40.21691841,40.40672192,38.31268929,35.2838616,37.34844446,37.03981096,31.96695581,34.2160202,27.67,24.04,28.71,27.45,28.21,22.77,22.09,22.79,23.36,20.37,20.65,19.73,21.25,20.71,19.78,21.9,22.1,23.6,24.44,18.91
Renewable energy consumption (% of total final energy consumption),EG.FEC.RNEW.ZS,Papua New Guinea,PNG,71.70041076,71.70677189,71.60828295,71.24916144,69.40089944,70.73085918,70.01895861,68.94589029,68.04083336,68.71083971,66.38,63.44,62.49,60.4,57.48,58.56,58.86,57.13,56.93,56.02,55.25,54.73,55.45,58.27,56.82,55.15,54.56,54.45,52.96,53.09
Renewable energy consumption (% of total final energy consumption),EG.FEC.RNEW.ZS,Paraguay,PRY,78.50645262,79.15027702,75.72811021,72.6123858,69.87860109,70.17179421,70.75909666,69.52088945,67.43981568,65.87586074,70.41,69.84,67.68,67.05,66.75,68.81,66.46,68.44,65.81,65.36,63.61,62.46,63.43,62.55,62.54,60.51,62.49,60.12,59.24,60.09
Renewable energy consumption (% of total final energy consumption),EG.FEC.RNEW.ZS,Peru,PER,39.4258282,39.91311374,37.30777125,37.0792617,35.93497582,33.28298537,31.71453523,31.73988848,32.69228951,30.68012856,38.57,41.23,40.21,40.91,37.83,38.35,38.7,36.05,33.71,32.92,32.17,30.63,30.8,28.35,28.56,27.43,27.2,27.59,27.89,27.12
Renewable energy consumption (% of total final energy consumption),EG.FEC.RNEW.ZS,Philippines,PHL,50.9465674,51.96040826,48.70739056,45.85746431,44.43508561,38.9420017,36.87686633,33.79991123,33.43061176,34.06882535,33.42,32.12,31.42,30.67,29.96,31.17,33.24,32.57,33.91,33.98,32.59,33.69,34.06,33.05,32.33,30.75,28.45,27.68,27.51,26.73
Renewable energy consumption (% of total final energy consumption),EG.FEC.RNEW.ZS,Poland,POL,2.501484839,2.064668571,2.302748681,6.131102223,6.195140782,6.332528762,5.86500109,5.982369508,6.536805795,6.410042299,6.93,7.29,7.49,7.29,7.31,7.22,7.18,7.28,8.01,8.84,9.49,10.44,10.91,11.41,11.58,11.87,11.34,11.12,11.27,12.18
Renewable energy consumption (% of total final energy consumption),EG.FEC.RNEW.ZS,Portugal,PRT,26.94447493,25.78751953,22.39985615,24.36894961,24.94851063,23.74180386,25.3522361,24.54532332,22.43224103,19.01738032,20.12,20.83,18.28,22.09,19.87,18.07,22.33,23.15,23.19,24.9,27.83,27.22,25.52,30.17,30.46,27.21,29,24.42,27.47,28.19
Renewable energy consumption (% of total final energy consumption),EG.FEC.RNEW.ZS,Puerto Rico,PRI,1.746942855,1.787805974,1.774622931,0.797292653,0.254340397,0.533418739,0.7370622,0.464883808,0.515570154,0.724867425,0.55,0.54,0.5,0.5,0.5,0.56,0.48,0.49,0.51,0.52,0.69,0.66,0.53,1.38,1.65,1.86,1.89,2.26,1.36,2.42
Renewable energy consumption (% of total final energy consumption),EG.FEC.RNEW.ZS,Qatar,QAT,0,0,0,0,0,0,0,0,0,0,0.08,0.14,0.07,0.05,0.03,0.03,0.1,0.07,0.11,0.08,0.13,0.15,0.04,0.04,0.05,0.05,0.06,0.07,0.05,0.04
Renewable energy consumption (% of total final energy consumption),EG.FEC.RNEW.ZS,Romania,ROU,3.355765883,4.969561234,5.583722131,7.199847669,7.637532364,8.602682922,11.92380699,15.74562215,16.27513922,17.73397052,16.37,13.39,14.4,15.67,17.28,18.47,17.39,18.16,20.4,22.14,24.07,21.09,21.53,23.07,24.31,23.67,24.4,23.35,23.03,23.54
Renewable energy consumption (% of total final energy consumption),EG.FEC.RNEW.ZS,Rwanda,RWA,80.08755822,81.82611689,81.55626283,81.33240761,78.53897686,88.35823779,89.1548284,91.12419581,90.8049706,90.76148846,86.78,86.89,87.13,87.3,87.55,89.25,90.59,90.31,90.63,90.54,90.66,89.64,88.78,88.47,87.95,86.31,86.23,85.98,84.5,77.86
Renewable energy consumption (% of total final energy consumption),EG.FEC.RNEW.ZS,Samoa,WSM,46.20460855,46.23826885,45.70142711,46.14201534,46.15173375,45.21811394,44.7497258,44.84110855,44.9785615,44.70642802,59.69,52.41,49.58,52.41,48.82,48.89,45.96,43.18,44.87,43.28,41.28,40.26,40.26,42.61,41.24,37.47,36.82,35.79,36.63,34.21
Renewable energy consumption (% of total final energy consumption),EG.FEC.RNEW.ZS,San Marino,SMR,..,..,..,..,..,..,..,..,..,..,..,..,..,..,..,..,..,..,..,..,..,..,..,..,..,..,..,..,..,..
Renewable energy consumption (% of total final energy consumption),EG.FEC.RNEW.ZS,Sao Tome and Principe,STP,50.92907396,50.92907396,54.17745362,54.05742243,54.01332446,53.94282385,55.63246801,56.08234051,55.06107552,56.67576693,54.73,55.47,55.34,51.81,48.92,47.94,47.33,47.69,46.04,45.41,43.76,43.12,38.89,39.36,39.63,40.23,39.2,38.42,37.85,37.09
Renewable energy consumption (% of total final energy consumption),EG.FEC.RNEW.ZS,Senegal,SEN,55.55101113,55.27354599,53.66188326,55.08533663,54.75052082,53.17785866,52.46737293,50.67200084,48.02356639,45.84544925,47.52,45.83,43.76,43.66,39.88,40.32,43.35,40.01,39.81,51.31,49.55,47.97,49.6,42.69,42.53,39.11,36.72,37.93,36.15,37.2
Renewable energy consumption (% of total final energy consumption),EG.FEC.RNEW.ZS,Serbia,SRB,15.49165266,18.21979251,19.30853067,20.87905246,22.02761683,24.97608429,19.43228434,16.29905315,16.74292286,23.68335901,22.09,19.55,18.01,15.67,14.64,16.1,15.33,14.03,15.5,20.68,20.47,17.44,19.47,20.03,23.25,21.24,20.91,20,21.05,21.53
Renewable energy consumption (% of total final energy consumption),EG.FEC.RNEW.ZS,Seychelles,SYC,4.248395139,3.48208008,3.335618269,3.110523652,2.763245277,2.96356046,2.291622243,1.373968771,1.0338298,0.868549785,1.52,1.26,1.1,1.12,0.96,0.94,0.95,1.01,0.91,0.83,0.71,0.85,0.78,1.48,1.37,1.36,1.22,1.25,1.24,1.47
Renewable energy consumption (% of total final energy consumption),EG.FEC.RNEW.ZS,Sierra Leone,SLE,91.28215225,90.25516271,90.21561125,90.13007993,89.71559669,90.24166239,90.07512227,90.4601887,91.26071795,91.36751244,91.31,89.38,87.99,86.53,86.58,88.13,84.37,86.35,86.03,86.14,84.89,81,79.06,75.67,73.88,75,73.6,74.61,75.95,75.44
Renewable energy consumption (% of total final energy consumption),EG.FEC.RNEW.ZS,Singapore,SGP,0.194833724,0.495509224,0.52847069,0.515729258,0.477110597,0.452737924,0.457871819,0.431425659,0.433014805,0.426520083,0.33,0.6,0.58,0.58,0.53,0.54,0.52,0.5,0.53,0.48,0.47,0.48,0.51,0.56,0.59,0.65,0.68,0.67,0.73,0.84
Renewable energy consumption (% of total final energy consumption),EG.FEC.RNEW.ZS,Sint Maarten (Dutch part),SXM,..,..,..,..,..,..,..,..,..,..,0,0,0,0,0,0,0,0,0,0,0,0,0.05,0.05,0.05,0.05,0.05,0.05,0.05,0.05
Renewable energy consumption (% of total final energy consumption),EG.FEC.RNEW.ZS,Slovak Republic,SVK,2.225335934,2.08678407,2.318612712,4.104215353,4.717442454,4.207010486,3.905504627,3.853383866,3.630589127,3.797945468,3.73,6,5.48,5.35,6.25,6.31,6.57,8.23,7.63,10,10.28,10.36,10.47,10.68,12.24,13.41,13.09,12.43,12.43,17.64
Renewable energy consumption (% of total final energy consumption),EG.FEC.RNEW.ZS,Slovenia,SVN,12.35195059,13.13077817,13.90084403,12.35673778,12.33609325,11.49482248,11.09418376,10.23270261,11.08845046,10.9503328,17.96,18.67,16.31,16.9,17.77,18.58,17.36,18.35,17.63,19.57,20.07,19.14,20.22,22.48,22.91,21.38,20.96,19.71,20.61,20.86
Renewable energy consumption (% of total final energy consumption),EG.FEC.RNEW.ZS,Solomon Islands,SLB,59.01436959,58.96308843,59.54837228,60.04838578,60.4986427,59.97546221,59.92405666,62.87220726,63.46901855,66.7572766,55.26,54.14,52.82,51.46,49.91,49.7,48.93,47.42,46.69,45.79,45.07,43.61,43.82,41.83,45.89,48.64,48.7,48.98,48.64,48.39
Renewable energy consumption (% of total final energy consumption),EG.FEC.RNEW.ZS,Somalia,SOM,87.20321653,87.73981861,88.81101212,89.40206424,89.90810293,90.56541753,91.05081684,91.72618452,92.47009098,92.9045018,93.28,93.26,92.58,92.8,93,93.3,93.47,93.02,93.37,93.63,93.57,93.65,93.9,94.4,94.64,94.5,94.78,94.9,94.93,95.03
Renewable energy consumption (% of total final energy consumption),EG.FEC.RNEW.ZS,South Africa,ZAF,16.62782171,17.46611882,18.36321702,18.58595006,18.56288156,18.11307968,17.4377706,17.10719134,17.27249004,18.22132003,16.25,15.62,13.88,13.05,12.29,10.98,10.74,10.36,11.55,10.97,11.77,11.36,10.6,9.77,9.85,10.28,10.53,10.45,10.19,10.5
Renewable energy consumption (% of total final energy consumption),EG.FEC.RNEW.ZS,South Sudan,SSD,..,..,..,..,..,..,..,..,..,..,..,..,..,..,..,..,..,..,..,..,..,..,30.56,30.13,29.85,26.7,28.79,28.63,28.65,26.65
Renewable energy consumption (% of total final energy consumption),EG.FEC.RNEW.ZS,Sri Lanka,LKA,78.0872449,77.96100498,75.27713217,74.19005809,70.58093407,69.93855476,64.41196104,65.90127563,64.15051139,63.24797441,64.16,62.93,62.1,61.31,61.61,60.08,62.18,60.2,61.58,63.51,61.85,59.25,60.7,59.88,57.31,52.89,50.92,49.33,51.4,49.91
Renewable energy consumption (% of total final energy consumption),EG.FEC.RNEW.ZS,St. Kitts and Nevis,KNA,40.03232618,34.09211252,33.81190188,38.87641945,41.34279919,36.7317558,30.95743031,34.23356726,32.19564558,27.45813541,26.64,26.28,24.59,26.62,22.22,25.58,0.01,0.01,0.01,0.01,0.97,0.92,1.31,1.38,1.63,1.63,1.68,1.6,1.6,1.58
Renewable energy consumption (% of total final energy consumption),EG.FEC.RNEW.ZS,St. Lucia,LCA,5.467459385,5.11427318,4.248433296,3.616818508,3.276619705,3.097866214,2.858278952,3.000783987,2.648507464,2.527155625,24.05,22.23,21.73,20.02,18.43,18.44,16.94,16.26,15.53,15.08,13.22,12.93,12.39,12.1,11.72,11.52,11.17,10.22,10.22,9.75
Renewable energy consumption (% of total final energy consumption),EG.FEC.RNEW.ZS,St. Martin (French part),MAF,..,..,..,..,..,..,..,..,..,..,..,..,..,..,..,..,..,..,..,..,..,..,..,..,..,..,..,..,..,..
Renewable energy consumption (% of total final energy consumption),EG.FEC.RNEW.ZS,St. Vincent and the Grenadines,VCT,15.43977328,11.59954549,13.16944734,12.27676071,10.47163061,9.104032279,8.99019363,8.783419895,7.153688113,6.54417466,8.49,6.19,6.07,5.63,5.86,5.81,5.29,4.71,5.33,4.1,5.13,6.09,5.02,5.37,3.32,4.3,4.1,5.29,4.93,5.68
Renewable energy consumption (% of total final energy consumption),EG.FEC.RNEW.ZS,Sudan,SDN,73.26663513,76.16514757,77.39558664,85.62816078,79.48783779,81.47140198,83.61051484,80.54021327,81.90111294,80.84766227,80.42,79.38,76.76,77,75.4,72.28,69.25,65.64,63.51,63.12,61.32,63.68,63.76,65.7,64.91,63.02,59.52,60.47,61.27,62.23
Renewable energy consumption (% of total final energy consumption),EG.FEC.RNEW.ZS,Suriname,SUR,..,..,..,..,..,..,..,..,..,..,23.63,24.14,27.79,24.64,22.63,18.88,22.09,24.59,26.19,26.47,22.1,21.16,15.77,17.63,12.85,11.59,11.29,14.96,17.55,14.4
Renewable energy consumption (% of total final energy consumption),EG.FEC.RNEW.ZS,Sweden,SWE,34.06199197,32.45879153,33.23216078,34.38515226,31.35442412,33.91418148,31.35609734,35.620611,35.65790342,34.79225049,39.82,37.38,35.85,34.56,35.49,39.3,40.08,41.75,43.2,45.71,44.7,45.43,48.29,47.27,48.61,51.91,50.89,51.81,51.54,52.88
Renewable energy consumption (% of total final energy consumption),EG.FEC.RNEW.ZS,Syrian Arab Republic,SYR,2.360017397,2.107307275,2.239113178,2.230603415,2.058007569,1.805989576,1.663549821,1.690534027,1.606852664,1.751357005,2,2.07,1.6,1.9,2.59,2.1,1.82,1.54,1.25,0.91,1.35,1.63,1.99,3.07,2.68,0.58,1.16,0.85,0.9,1.02
Renewable energy consumption (% of total final energy consumption),EG.FEC.RNEW.ZS,Tajikistan,TJK,29.63775189,30.99936351,37.37866219,43.95660518,57.26018582,60.58249849,62.66713853,56.82428608,55.8075914,59.72839085,62.41,64.07,64.15,64.58,61.41,63.73,61.57,53.79,54.61,60.58,61.83,59.98,55.8,55.12,45.89,48.11,41.16,41.69,39.47,38.56
Renewable energy consumption (% of total final energy consumption),EG.FEC.RNEW.ZS,Tanzania,TZA,94.78490931,94.97058843,95.02558158,95.14743255,95.17763554,93.3715035,92.22245649,92.74786901,93.17765581,94.26634844,93.73,93.17,92.46,92.41,91.55,90.75,90.5,90.79,90.31,90.92,89.73,88.47,86.15,85.39,85.37,84.62,85.7,84.92,85.24,85.22
Renewable energy consumption (% of total final energy consumption),EG.FEC.RNEW.ZS,Thailand,THA,33.63913092,33.01563167,31.82377522,26.42591045,23.86782039,22.6994113,21.16347051,21.24884266,21.65097363,21.31244234,21.82,19.89,19.91,20.21,19.89,20.11,20.53,21.61,22.63,22.83,22.83,22.96,23.56,23.21,24.41,22.65,22.43,22.25,23.7,23.96
Renewable energy consumption (% of total final energy consumption),EG.FEC.RNEW.ZS,Timor-Leste,TLS,..,..,..,..,..,..,..,..,..,..,0,0,48.25,47.85,44.04,43.61,41.9,41.88,39.72,36.91,34.82,32.84,25.61,22.57,18.08,18,12.67,13.21,12.71,11.67
Renewable energy consumption (% of total final energy consumption),EG.FEC.RNEW.ZS,Togo,TGO,78.70141705,82.08721827,85.79096609,91.4985971,81.55213942,81.52090303,73.09454211,79.5610582,77.74869211,73.11710759,77.11,82.05,78.66,74.79,76.14,77.22,79.65,79.9,76.51,63.38,65.81,69.1,72.65,76.19,81.44,81.03,80.65,77.73,75.08,76.21
Renewable energy consumption (% of total final energy consumption),EG.FEC.RNEW.ZS,Tonga,TON,1.486607998,1.246426144,1.568700273,1.425736716,1.22682652,1.161942027,1.462181699,1.263760166,1.235416106,1.031878905,2.48,2.7,2.48,2.01,2.15,2.15,1.86,2.17,1.99,1.82,1.01,1.14,1.15,1.58,1.7,1.94,2.03,1.96,1.78,1.77
Renewable energy consumption (% of total final energy consumption),EG.FEC.RNEW.ZS,Trinidad and Tobago,TTO,1.193023774,1.30874233,1.284745435,1.350853254,1.266419385,1.185209708,1.000185724,0.939534801,0.903392053,0.86405706,0.76,0.71,0.69,0.6,0.6,0.54,0.55,0.45,0.46,0.49,0.38,0.38,0.37,0.36,0.35,0.37,0.43,0.42,0.45,0.43
Renewable energy consumption (% of total final energy consumption),EG.FEC.RNEW.ZS,Tunisia,TUN,14.48023914,14.79053885,14.19335076,13.87118995,14.20237984,14.36803329,14.37547656,14.43762368,14.49885603,14.488595,14.24,14.22,14.55,14.13,13.92,14.18,14.32,14.32,14.61,16.07,12.61,13.24,13,13.17,12.86,12.5,12.4,11.82,11.91,12.2
Renewable energy consumption (% of total final energy consumption),EG.FEC.RNEW.ZS,Turkmenistan,TKM,0.277582764,0.317767787,0.001764462,0.002809506,0.001874933,0.001971608,0.002466815,0.002127215,0.102890062,0.089602038,0.09,0.09,0.09,0.08,0.07,0.07,0.08,0.07,0.07,0.08,0.07,0.06,0.05,0.06,0.05,0.05,0.05,0.06,0.06,0.06
Renewable energy consumption (% of total final energy consumption),EG.FEC.RNEW.ZS,Turks and Caicos Islands,TCA,1.792108636,1.078649843,0.584360539,0.95385821,0.982270049,0.898626497,0.967568667,0.848251851,0.888287107,0.834261786,0.45,0.43,0.38,0.39,0.39,0.36,0.35,0.33,0.33,0.34,0.34,0.37,0.37,0.37,0.36,0.37,0.37,0.32,0.44,0.45
Renewable energy consumption (% of total final energy consumption),EG.FEC.RNEW.ZS,Tuvalu,TUV,0,0,0,0,0,0,0,0,0,0,0,0,0,0,0,0,0,0,0,0,0.26,0.26,0.31,0.83,0.8,3.88,9.46,8.74,8.32,8.2
Renewable energy consumption (% of total final energy consumption),EG.FEC.RNEW.ZS,Uganda,UGA,96.01851287,96.03933041,96.11768046,96.22849677,96.84245508,95.97116983,95.65698605,94.67740135,94.08731783,94.13556936,95.01,95.22,95.35,95.28,95.02,94.11,93.82,93.74,93.73,93.87,93.18,92.79,92.95,92.55,91.84,91.07,90.83,90.76,90.07,90.22
Renewable energy consumption (% of total final energy consumption),EG.FEC.RNEW.ZS,Ukraine,UKR,0.650122965,0.700765536,0.600592001,0.893722997,1.105019513,0.976939548,0.897911043,1.025039518,1.577507214,1.451121584,1.25,1.23,1.03,0.99,1.21,1.27,1.75,2.39,2.72,2.96,2.88,2.74,2.86,3.49,3.5,4.15,5.48,6.48,6.92,7.44
Renewable energy consumption (% of total final energy consumption),EG.FEC.RNEW.ZS,United Arab Emirates,ARE,0,0,0.188369133,0.150356177,0.12014534,0.112604486,0.080332347,0.076355659,0.072469921,0.071648551,0.08,0.06,0.07,0.07,0.1,0.11,0.12,0.11,0.11,0.11,0.11,0.11,0.1,0.1,0.14,0.13,0.12,0.19,0.32,0.67
Renewable energy consumption (% of total final energy consumption),EG.FEC.RNEW.ZS,Uruguay,URY,44.81247732,43.72981811,43.39971214,42.7630863,42.25098041,41.06618355,37.56791792,37.67648614,36.90139164,33.29843915,38.73,41.63,43.25,43.83,39.31,41.32,37.6,43.2,44.09,44.64,53.29,49.67,47.85,51.87,56.7,59.4,60.32,60.82,60.86,60.76
Renewable energy consumption (% of total final energy consumption),EG.FEC.RNEW.ZS,Uzbekistan,UZB,1.329744598,1.211402727,1.388622899,1.596425649,1.561012875,1.458602352,1.64858305,1.442411416,1.208921824,1.173160318,0.72,0.78,1.02,1.42,1.05,1.62,0.85,0.9,0.8,1.25,1.35,0.95,1.34,1.19,1.4,1.71,1.61,1.75,1.49,1.57
Renewable energy consumption (% of total final energy consumption),EG.FEC.RNEW.ZS,Vanuatu,VUT,24.15796686,24.92382029,26.95428989,27.1202058,27.58064711,27.2029454,20.44936892,19.61253671,21.30424272,48.91245942,48.65,47.42,51.92,50.45,64.06,64.26,63.75,42.26,47.63,38.79,38.4,35.99,39.28,41.26,31.74,35.91,33.4,36.13,29.96,31.86
Renewable energy consumption (% of total final energy consumption),EG.FEC.RNEW.ZS,"Venezuela, RB",VEN,11.97733019,13.19355552,14.10669357,13.18552297,13.79273313,13.11280862,12.87230051,13.81969294,13.63981314,14.50025431,15.29,14.03,12.84,13.41,14.64,14.23,15.6,16.64,16.35,16.21,13.79,14.76,13.71,15.29,12.01,15.33,14.51,14.31,14.57,15.62
Renewable energy consumption (% of total final energy consumption),EG.FEC.RNEW.ZS,Vietnam,VNM,76.08164466,75.63743658,74.70197167,70.81269017,67.98600793,65.12578361,62.86600927,60.79237361,59.49934411,59.56700311,57.73,56.14,52.2,50.83,45.77,44.15,44.25,41.9,39.26,36.97,34.58,36.32,37.9,37.35,36.64,30.33,22.48,25.02,21.81,18.65
Renewable energy consumption (% of total final energy consumption),EG.FEC.RNEW.ZS,Virgin Islands (U.S.),VIR,0,0,0,0,0,0,0,0,0,0,0,0,0,0,0,0,0,0,0,0,0,0.34,1,1.68,2.94,4.16,4.13,3.46,3.43,3.66
Renewable energy consumption (% of total final energy consumption),EG.FEC.RNEW.ZS,West Bank and Gaza,PSE,22.08208293,21.96005197,21.53205314,21.25964501,20.96529907,20.95701617,20.23610342,17.17918086,16.35581543,15.89171604,17.52,17.12,21.8,21.68,23.08,22.78,18.08,20.48,20.1,16.54,14.06,15.42,12.24,11.74,10.76,10.99,12.32,10.51,12.73,13.86
Renewable energy consumption (% of total final energy consumption),EG.FEC.RNEW.ZS,"Yemen, Rep.",YEM,2.148637786,1.709434052,1.580225951,1.792119747,1.74337598,1.504255962,1.480847387,1.397901359,1.291668912,1.207336988,0.95,0.89,0.9,0.78,0.75,0.74,0.76,0.76,0.74,0.7,0.78,0.93,1.08,0.76,0.76,1.96,2.48,2.8,3.6,3.11
Renewable energy consumption (% of total final energy consumption),EG.FEC.RNEW.ZS,Zambia,ZMB,82.98273423,82.25315767,82.70677677,85.13510708,86.85652944,87.11133056,89.64085704,87.0073848,87.75554547,89.83537502,89.98,89.76,89.56,89.2,89.28,88.68,89.43,90.32,89.36,88.68,88.59,87.28,84.63,84.56,83.77,83.09,83.07,81.89,82.28,84.5
Renewable energy consumption (% of total final energy consumption),EG.FEC.RNEW.ZS,Zimbabwe,ZWE,63.97640941,63.74078146,64.36829174,64.4177524,68.52720615,67.06226392,66.73832752,67.3858196,67.83880255,64.41253557,69.26,71.53,74.3,77.83,81.58,80.15,78.59,77.97,81.86,82.09,82.27,79.27,77.5,78.87,80.27,80.82,81.9,82.46,80.23,81.5
Renewable energy consumption (% of total final energy consumption),EG.FEC.RNEW.ZS,Africa Eastern and Southern,AFE,61.62596452,62.87631857,64.6365408,65.29167597,65.37976393,64.98250979,64.21866816,63.385625,64.10636535,65.16892741,65.12879649,65.58677252,64.62277934,64.16573502,63.27929192,62.58716442,62.30147126,61.50253324,61.97701884,61.3215362,62.74775653,62.57314538,61.081094,60.37830549,60.712292,61.10639747,..,..,..,..
Renewable energy consumption (% of total final energy consumption),EG.FEC.RNEW.ZS,Africa Western and Central,AFW,86.08221441,85.44301407,83.98307062,85.30530676,86.76366714,86.34819856,85.28125594,83.94793656,84.6406735,83.90024707,83.26934289,82.01679597,81.64681642,80.56192201,81.15159505,81.06752818,81.88903055,82.15537036,81.52737173,82.5663291,80.92634751,79.50885017,79.01798119,77.44593693,76.19041194,76.7528567,..,..,..,..
Renewable energy consumption (% of total final energy consumption),EG.FEC.RNEW.ZS,Arab World,ARB,7.344357767,7.284092766,6.91296591,6.737793486,6.914191777,6.817911043,6.80520668,6.843938083,6.757473332,6.744100456,6.636856509,6.484304837,6.331207781,6.426208805,6.73392872,6.381240944,6.180767816,5.591310965,5.183182082,5.069994307,4.824452294,4.689964042,4.264385993,4.331575486,4.217009844,4.126902394,..,..,..,..
Renewable energy consumption (% of total final energy consumption),EG.FEC.RNEW.ZS,Caribbean small states,CSS,10.2737893,9.039717002,10.34423691,11.66950925,10.7381554,11.08023687,10.96145226,10.84763052,9.644562035,10.02747744,10.58970701,9.674147859,9.866937875,9.530094881,8.90550732,7.508978652,7.550284939,6.81537681,7.128116966,7.858879566,7.710297398,8.723695189,8.312724276,7.442246356,6.909166887,6.893812844,..,..,..,..
Renewable energy consumption (% of total final energy consumption),EG.FEC.RNEW.ZS,Central Europe and the Baltics,CEB,4.142354367,4.795173966,5.380893478,7.214146459,7.501036318,7.766528621,8.3461269,9.000474729,9.469545978,9.735863096,9.935285445,9.87085226,10.14959563,10.26568554,10.78134745,11.28588231,11.08217986,11.3686522,12.17862638,13.76198645,14.5550683,14.75655579,15.69305312,16.66400728,17.0756554,17.14463135,..,..,..,..
Renewable energy consumption (% of total final energy consumption),EG.FEC.RNEW.ZS,Early-demographic dividend,EAR,37.07110227,36.58466256,36.46944937,36.13207709,35.07647216,34.63197346,33.87787484,33.31855537,33.11779091,32.57656534,30.83635504,30.72016943,30.02539118,29.43592905,28.79043667,28.28486505,27.55654972,26.59334732,26.24108483,25.85152793,25.18561312,24.35607065,23.91307772,24.33047254,23.76240941,23.657426,..,..,..,..
Renewable energy consumption (% of total final energy consumption),EG.FEC.RNEW.ZS,East Asia & Pacific,EAS,26.19625392,25.76581137,25.32860556,24.58547492,23.86137481,22.90300025,23.01284208,22.80591338,22.9490118,22.73110805,22.09785952,21.38420212,20.78843766,19.48570816,17.64142292,16.17951557,15.6974423,14.82063876,14.58348514,14.15749694,13.17522963,12.4539466,12.57015973,12.64331283,13.07502747,13.05620551,..,..,..,..
Renewable energy consumption (% of total final energy consumption),EG.FEC.RNEW.ZS,East Asia & Pacific (excluding high income),EAP,36.99740605,36.30330446,35.94357143,34.56481331,33.91127043,32.15940504,32.73510742,32.24589522,32.1392419,32.44274131,31.67635617,30.43844469,29.30213099,26.63807256,23.2362215,20.86747265,19.86032051,18.46995806,17.9083538,17.14535375,15.739759,14.64063587,14.7171345,14.66101918,14.99969943,14.86908178,..,..,..,..
Renewable energy consumption (% of total final energy consumption),EG.FEC.RNEW.ZS,East Asia & Pacific (IDA & IBRD countries),TEA,38.0391222,37.21155513,36.73287325,35.22800927,34.45975062,32.59864363,33.12586792,32.61073399,32.47970743,32.82172316,32.0733136,30.81725631,29.62763156,26.90128727,23.42491363,21.02025172,19.99655254,18.54502721,17.99012321,17.1832393,15.75491227,14.62261521,14.70164721,14.62694537,14.97550585,14.84314965,..,..,..,..
Renewable energy consumption (% of total final energy consumption),EG.FEC.RNEW.ZS,Euro area,EMU,6.499471929,6.70947241,6.79844098,6.907459116,7.122787177,6.957956974,7.080832013,7.231070627,7.294971874,7.33186584,7.550777316,7.746028006,7.590781772,8.166116664,8.402267018,8.701671656,9.518919276,10.67276691,11.38931805,12.4416951,13.25202232,13.36450033,14.80101754,15.60454621,16.22322626,16.19428787,..,..,..,..
Renewable energy consumption (% of total final energy consumption),EG.FEC.RNEW.ZS,Europe & Central Asia,ECS,5.706920065,5.86878714,6.226813534,6.642125243,6.871973658,6.957094392,7.074421838,7.370365559,7.494509555,7.551475963,7.631024636,7.637293512,7.581681288,7.699224465,7.975287132,8.313930506,8.581202582,9.14958827,9.536235539,10.49370532,10.97267647,10.80681455,11.68111735,12.4011923,12.56673678,13.00658312,..,..,..,..
Renewable energy consumption (% of total final energy consumption),EG.FEC.RNEW.ZS,Europe & Central Asia (excluding high income),ECA,4.072432936,4.115425266,4.448962303,4.800341149,4.91936606,4.996670127,5.143242953,5.215897639,5.288642796,5.41319029,5.155025829,5.130995942,5.135392762,4.947551747,5.182722518,5.237161356,5.089436065,5.034969829,4.785963404,5.330373393,5.421833216,5.033813339,5.236974845,5.70711314,5.352515862,5.747774113,..,..,..,..
Renewable energy consumption (% of total final energy consumption),EG.FEC.RNEW.ZS,Europe & Central Asia (IDA & IBRD countries),TEC,4.065451112,4.183625546,4.479890692,5.090373162,5.252097082,5.386314197,5.677750232,5.882459627,5.976142986,6.070318256,5.819717179,5.751586829,5.782969575,5.654468356,5.936768716,6.03419146,5.84267856,5.773436338,5.700434052,6.350005274,6.538778986,6.115519304,6.371936767,6.901701698,6.606809462,6.990044086,..,..,..,..
Renewable energy consumption (% of total final energy consumption),EG.FEC.RNEW.ZS,European Union,EUU,6.895465294,7.184663038,7.465087653,7.894856176,7.995940484,8.006928319,8.082208657,8.480577607,8.602896341,8.618287333,8.983007236,8.966460583,8.865214224,9.279911266,9.576656932,10.04333583,10.6843479,11.75377928,12.49127278,13.66366131,14.50124752,14.68155329,16.09691991,16.83569199,17.49141136,17.62705611,..,..,..,..
Renewable energy consumption (% of total final energy consumption),EG.FEC.RNEW.ZS,Fragile and conflict affected situations,FCS,57.26901659,57.96033525,59.87621369,60.40491586,61.19911176,60.49767365,60.4641296,60.66464216,61.74140003,61.97237057,61.8697192,61.01993504,61.20395539,61.90566762,61.56327404,60.79654951,62.13699008,63.0040992,61.23792802,62.1999808,60.36505879,60.99929648,59.82045913,59.83573662,59.70772473,63.13061602,..,..,..,..
Renewable energy consumption (% of total final energy consumption),EG.FEC.RNEW.ZS,Heavily indebted poor countries (HIPC),HPC,85.9912633,86.89931278,87.42442983,87.93539944,87.48702646,87.20036198,86.95047037,86.32924161,86.13676405,85.48324156,85.56229996,85.23331056,84.64034542,84.40562072,84.11368404,84.11651434,83.40878782,82.09363325,81.4834424,80.71302539,79.66898094,79.03235695,77.95167516,77.85377509,77.51345501,76.79777685,..,..,..,..
Renewable energy consumption (% of total final energy consumption),EG.FEC.RNEW.ZS,High income,HIC,6.384508865,6.596604314,6.71776171,6.655662606,6.505668989,6.816790308,6.800621825,6.831223148,6.896796316,7.322794671,7.285527784,6.915390066,6.994629593,7.286520646,7.472868562,7.750490997,8.16979054,8.417594879,8.943027317,9.497100341,9.719845368,10.16081131,10.67739477,11.10879789,11.33665061,11.42090654,..,..,..,..
Renewable energy consumption (% of total final energy consumption),EG.FEC.RNEW.ZS,IBRD only,IBD,23.01492944,23.15724611,23.80381311,24.06479154,24.5707991,24.15514966,24.53911695,24.50441658,24.68481136,24.81589712,23.78394505,23.24186381,22.85731819,21.84489775,20.6085422,19.66989639,19.09832397,18.32066687,17.9567044,17.87526537,17.06643139,16.21079606,16.20871145,16.36302172,16.36680511,16.44254429,..,..,..,..
Renewable energy consumption (% of total final energy consumption),EG.FEC.RNEW.ZS,IDA & IBRD total,IBT,27.60403355,27.80415288,28.6208945,28.95262554,29.64889857,29.34648536,29.80237771,29.76941001,30.0040947,30.18444372,29.33470353,28.91093835,28.58314666,27.57986657,26.24031885,25.32225411,24.68472441,23.81992665,23.45367324,23.50471408,22.62116816,21.74936461,21.68675541,21.81902655,21.76643839,21.9013527,..,..,..,..
Renewable energy consumption (% of total final energy consumption),EG.FEC.RNEW.ZS,IDA blend,IDB,59.28215249,59.00399841,59.5776562,59.64633723,60.84464454,61.38475176,61.25715311,60.88216413,59.61806647,59.19961695,59.56809781,59.53307233,59.55711157,59.58248763,59.76231373,60.4991407,60.49133149,60.23045068,60.73138501,62.86001284,62.92351327,61.43800645,61.80786221,62.1680656,60.85732995,61.64348569,..,..,..,..
Renewable energy consumption (% of total final energy consumption),EG.FEC.RNEW.ZS,IDA only,IDX,75.45407232,76.12405483,78.0705832,79.54491038,80.2037842,79.77896785,79.04667652,78.31989831,77.71697434,77.62700309,77.40728006,76.78695885,76.36122014,75.83906454,75.39270013,74.33301515,73.79119033,72.55804317,72.15032808,72.08959555,71.1402871,70.91554556,70.3064385,70.44769306,69.99936854,69.69155944,..,..,..,..
Renewable energy consumption (% of total final energy consumption),EG.FEC.RNEW.ZS,IDA total,IDA,67.13754047,67.22458466,68.378775,68.98849893,69.99119918,70.26266753,69.85770168,69.27134709,68.28567087,67.97099074,68.12232505,67.8453328,67.64673985,67.41517445,67.34628223,67.31278767,67.09074657,66.3632476,66.44425691,67.56611191,67.11964606,66.24830742,66.05119044,66.39831358,65.58482189,65.79618332,..,..,..,..
Renewable energy consumption (% of total final energy consumption),EG.FEC.RNEW.ZS,Late-demographic dividend,LTE,19.56985365,19.75260115,20.47646143,20.64593306,21.3705952,21.02548155,21.72265342,21.81563843,21.81563529,22.17900636,21.61664686,20.83240413,20.62837391,19.46012804,18.00999421,16.81086573,16.23123502,15.55237344,15.10095264,15.08662394,14.25339047,13.58386522,13.71882085,13.7230461,13.92519472,13.99352309,..,..,..,..
Renewable energy consumption (% of total final energy consumption),EG.FEC.RNEW.ZS,Latin America & Caribbean,LCN,32.43916163,31.88147044,31.63871427,31.04206771,30.58174205,30.1937212,29.43900883,28.63823216,28.44879625,28.80830745,28.17639828,27.63568699,28.21188765,28.6335649,28.47520857,28.62632769,28.6136178,28.79231748,28.58506331,29.43389622,28.53731892,28.18598307,27.53182813,27.55088267,27.38902675,27.90991095,..,..,..,..
Renewable energy consumption (% of total final energy consumption),EG.FEC.RNEW.ZS,Latin America & Caribbean (excluding high income),LAC,34.58898964,33.78413921,33.31610485,32.90511121,32.29115197,32.01179851,31.26420545,30.25105032,30.06926054,30.43882247,29.51254531,29.05785466,29.80024952,30.2903432,30.03236885,30.31226537,29.98861835,30.13980305,30.07265482,31.07956059,30.49577813,29.71498957,29.07295896,28.80901771,28.98811391,29.16724068,..,..,..,..
Renewable energy consumption (% of total final energy consumption),EG.FEC.RNEW.ZS,Latin America & the Caribbean (IDA & IBRD countries),TLA,32.22894798,31.59907686,31.31062237,30.92288332,30.4902105,30.20106659,29.39428045,28.65655692,28.52191633,28.92857919,28.2564934,27.70622599,28.32122407,28.79003638,28.61544722,28.88488835,28.92615772,29.14680654,28.89892886,29.79013902,28.9061615,28.48375427,27.80906399,27.8428436,27.60468713,28.16183806,..,..,..,..
Renewable energy consumption (% of total final energy consumption),EG.FEC.RNEW.ZS,Least developed countries: UN classification,LDC,86.06159973,86.44834358,86.72845138,87.13705121,86.65789913,85.63006432,85.28060264,84.48630094,84.54230735,84.14021075,83.82386339,83.21658698,82.71418242,81.48573218,81.15283811,80.94060986,80.29332182,79.15006285,78.40703281,77.26086412,76.01818026,75.3732323,74.27125458,73.71426184,73.01559731,72.95048595,..,..,..,..
Renewable energy consumption (% of total final energy consumption),EG.FEC.RNEW.ZS,Low & middle income,LMY,28.52143248,28.62474184,29.40254814,29.68553822,30.420185,30.11468693,30.67162204,30.56507762,30.7456924,30.870412,29.92003169,29.50976858,29.16015172,28.09745985,26.66569529,25.68353777,24.9925634,24.09581604,23.69112443,23.72430946,22.83880146,21.92278991,21.85077927,21.94518978,21.92290643,22.02356333,..,..,..,..
Renewable energy consumption (% of total final energy consumption),EG.FEC.RNEW.ZS,Low income,LIC,60.62680515,61.85576996,64.3261542,66.25966331,67.85375714,69.04352152,70.31408952,70.26995326,70.72115543,70.69387732,70.43586777,70.12952656,70.63000734,70.50060615,70.10724157,68.55930442,68.27956031,69.03733294,67.99029769,70.25739191,70.20195424,72.35697821,73.18858817,74.86813905,74.61640666,77.13810811,..,..,..,..
Renewable energy consumption (% of total final energy consumption),EG.FEC.RNEW.ZS,Lower middle income,LMC,43.35482338,42.88892116,43.5232473,44.58678452,44.74823465,44.15351896,43.86979339,43.26914417,43.71692024,42.81270828,41.35100512,40.97087684,40.40495263,39.93323374,39.33971112,39.02575666,38.33099464,37.24782601,36.83909116,36.33461178,35.41332483,34.44544757,34.3096601,34.31906049,33.54371717,33.25343114,..,..,..,..
Renewable energy consumption (% of total final energy consumption),EG.FEC.RNEW.ZS,Middle East & North Africa,MEA,2.859287994,2.786630616,2.700649046,2.682570057,2.506420209,2.44074106,2.445353303,2.41810711,2.389746326,2.282134399,2.189235293,2.208795184,2.173327893,2.258540336,2.486646675,2.60395198,2.450688165,2.28285417,2.020559088,1.9566608,1.913805358,1.856316707,1.638211794,1.665979194,1.583990744,1.557302387,..,..,..,..
Renewable energy consumption (% of total final energy consumption),EG.FEC.RNEW.ZS,Middle East & North Africa (excluding high income),MNA,4.043213039,3.930851187,3.780211305,3.799987865,3.543905673,3.411216425,3.444572208,3.362668034,3.362691616,3.175599931,2.994201039,3.027347152,2.995142196,3.13941547,3.443447001,3.610743577,3.417471132,3.213848932,2.792889703,2.743118381,2.737090173,2.6626208,2.626138424,2.6651287,2.532597891,2.52380051,..,..,..,..
Renewable energy consumption (% of total final energy consumption),EG.FEC.RNEW.ZS,Middle East & North Africa (IDA & IBRD countries),TMN,3.977313155,3.867289784,3.72029682,3.740640626,3.487430634,3.355521834,3.390872064,3.311851266,3.312544167,3.127161833,2.945706946,2.980920211,2.926792749,3.064791748,3.371830813,3.547502411,3.372158385,3.160636553,2.742109163,2.695867941,2.696213117,2.620343662,2.588849061,2.629750708,2.492102916,2.481600598,..,..,..,..
Renewable energy consumption (% of total final energy consumption),EG.FEC.RNEW.ZS,Middle income,MIC,27.22588091,27.29035064,28.00020571,28.22924232,28.89860251,28.52987313,29.03916291,28.94770201,29.08607936,29.19779316,28.1792123,27.71609397,27.3500497,26.2751442,24.86585754,23.88854787,23.20158161,22.32057344,21.91964098,21.89765087,21.03236936,20.08982136,20.09488994,20.13673591,20.09080514,20.16354321,..,..,..,..
Renewable energy consumption (% of total final energy consumption),EG.FEC.RNEW.ZS,North America,NAC,6.157155854,6.447522563,6.662215109,6.221306586,6.068315189,6.68617988,6.679287809,6.421376037,6.428478511,7.483561561,7.25043998,6.498878664,6.713923805,7.102046251,7.281181902,7.608257446,8.066294712,8.001244053,8.517245884,9.024979861,8.990002852,9.866239063,10.24077754,10.57781172,10.68602029,10.52764424,..,..,..,..
Renewable energy consumption (% of total final energy consumption),EG.FEC.RNEW.ZS,Not classified,INX,..,..,..,..,..,..,..,..,..,..,..,..,..,..,..,..,..,..,..,..,..,..,..,..,..,..,..,..,..,..
Renewable energy consumption (% of total final energy consumption),EG.FEC.RNEW.ZS,OECD members,OED,7.220896988,7.364893383,7.48293469,7.423763227,7.253146724,7.575787653,7.517429521,7.451411421,7.540533128,7.976763589,7.902601848,7.52639154,7.618613437,7.893989106,8.085154682,8.364630188,8.811874129,9.058956106,9.614904269,10.21603061,10.46429317,10.94288782,11.5071287,11.99660936,12.22944659,12.34832359,..,..,..,..
Renewable energy consumption (% of total final energy consumption),EG.FEC.RNEW.ZS,Other small states,OSS,26.95002882,27.77999246,30.20767092,30.38806603,30.52119018,31.27178843,31.26531766,30.73169204,30.35097325,31.48829139,31.49026356,31.04833944,30.69318219,31.48750333,30.26420304,30.43103481,29.54501511,29.6817095,30.11655129,31.33431889,31.17930195,28.92919239,26.22444798,28.77081272,26.68666618,27.0121799,..,..,..,..
Renewable energy consumption (% of total final energy consumption),EG.FEC.RNEW.ZS,Pacific island small states,PSS,47.70016566,52.62238236,47.727036,47.96333477,51.39867103,48.15872213,48.10937234,44.60030609,41.12760049,46.71169176,43.45779571,37.14253402,41.59102074,37.17769574,34.40240406,36.58391019,35.66790267,33.07687035,35.79490939,33.91164993,27.51854272,29.29245535,29.59844967,30.11584915,30.31112292,30.40166867,..,..,..,..
Renewable energy consumption (% of total final energy consumption),EG.FEC.RNEW.ZS,Post-demographic dividend,PST,6.344831217,6.52991431,6.6464018,6.525872611,6.426485064,6.726546569,6.71809223,6.719428973,6.822364878,7.289108084,7.258966007,6.878536295,6.948984121,7.252468158,7.440497162,7.72714006,8.201784,8.479915966,9.025635922,9.650708062,9.918353781,10.38712319,10.99821963,11.47460523,11.80783717,11.95583418,..,..,..,..
Renewable energy consumption (% of total final energy consumption),EG.FEC.RNEW.ZS,Pre-demographic dividend,PRE,78.28335553,79.69826369,77.96300632,78.30569479,78.87236532,79.04511551,78.18760296,77.4829126,78.91498921,78.59968809,78.07684892,77.3472092,77.37681578,78.10915903,77.71581074,77.79008481,78.06350736,77.99162472,77.2904357,77.75374362,75.91010425,74.36028711,73.21565891,72.3156651,72.59464634,73.60904479,..,..,..,..
Renewable energy consumption (% of total final energy consumption),EG.FEC.RNEW.ZS,Small states,SST,23.99912888,24.83220073,26.78238837,27.42556613,27.24746438,27.8023863,27.70943682,27.18770862,26.39091661,27.40568914,26.94717066,26.24498821,26.35507409,26.90303448,25.76056513,25.73980443,25.13221323,24.79540472,25.67837346,27.20213577,27.0375139,25.36527903,23.10977074,25.07727491,23.387146,23.74720548,..,..,..,..
Renewable energy consumption (% of total final energy consumption),EG.FEC.RNEW.ZS,South Asia,SAS,60.00470096,59.24276263,58.65916373,58.16685252,56.89419889,55.71841827,54.88549967,53.78250023,53.90778359,52.90467324,49.21061484,49.34420398,48.1890864,47.87766605,47.00689288,46.28112209,45.30890734,43.59183308,41.92454763,40.10950143,38.98455208,37.78720758,37.55449216,37.7620398,36.70264374,35.97216341,..,..,..,..
Renewable energy consumption (% of total final energy consumption),EG.FEC.RNEW.ZS,South Asia (IDA & IBRD),TSA,60.00470096,59.24276263,58.65916373,58.16685252,56.89419889,55.71841827,54.88549967,53.78250023,53.90778359,52.90467324,49.21061484,49.34420398,48.1890864,47.87766605,47.00689288,46.28112209,45.30890734,43.59183308,41.92454763,40.10950143,38.98455208,37.78720758,37.55449216,37.7620398,36.70264374,35.97216341,..,..,..,..
Renewable energy consumption (% of total final energy consumption),EG.FEC.RNEW.ZS,Sub-Saharan Africa,SSF,71.13463656,71.79113882,72.42560605,73.33389513,73.85494305,73.48362019,72.5778053,71.5795824,72.25647708,72.68582067,72.48688661,72.2909841,71.54122605,70.84646107,70.54192609,70.08912304,70.14562982,69.74535793,69.84871325,69.79097934,70.21793257,69.55893468,68.63022369,67.47329014,67.03961639,67.52603164,..,..,..,..
Renewable energy consumption (% of total final energy consumption),EG.FEC.RNEW.ZS,Sub-Saharan Africa (excluding high income),SSA,71.14376661,71.80231586,72.43650445,73.34564691,73.8680853,73.49532298,72.59234717,71.6031077,72.28765556,72.72252759,72.52666249,72.33468412,71.57564992,70.88155099,70.58602636,70.12784749,70.18572835,69.7776159,69.88363141,69.81676871,70.2384257,69.57193337,68.64903645,67.48874663,67.05532975,67.54188294,..,..,..,..
Renewable energy consumption (% of total final energy consumption),EG.FEC.RNEW.ZS,Sub-Saharan Africa (IDA & IBRD countries),TSS,71.13463656,71.79113882,72.42560605,73.33389513,73.85494305,73.48362019,72.5778053,71.5795824,72.25647708,72.68582067,72.48688661,72.2909841,71.54122605,70.84646107,70.54192609,70.08912304,70.14562982,69.74535793,69.84871325,69.79097934,70.21793257,69.55893468,68.63022369,67.47329014,67.03961639,67.52603164,..,..,..,..
Renewable energy consumption (% of total final energy consumption),EG.FEC.RNEW.ZS,Upper middle income,UMC,19.95289574,20.04451673,20.60252086,20.57412237,21.189825,20.87711225,21.45396857,21.41200915,21.34857339,21.67848728,20.9465163,20.33055458,20.03634814,18.84518902,17.41418281,16.25183281,15.67058453,14.94849152,14.57480497,14.55871238,13.89499652,13.10137174,13.15364238,13.20525814,13.44706231,13.66518498,..,..,..,..
Renewable energy consumption (% of total final energy consumption),EG.FEC.RNEW.ZS,World,WLD,17.06715389,17.22381892,17.58433435,17.59843739,17.69286334,17.75534779,17.74181966,17.76830281,17.92092239,18.12984203,17.62680994,17.31814989,17.30941978,17.13126367,16.84163616,16.69930889,16.7671689,16.59593605,16.7700807,17.22351075,16.86585484,16.75624722,16.98900462,17.25708378,17.40155398,17.54278297,..,..,..,..
,,,,,,,,,,,,,,,,,,,,,,,,,,,,,,,,,
,,,,,,,,,,,,,,,,,,,,,,,,,,,,,,,,,
,,,,,,,,,,,,,,,,,,,,,,,,,,,,,,,,,
Data from database: World Development Indicators,,,,,,,,,,,,,,,,,,,,,,,,,,,,,,,,,
Last Updated: 03/30/2023,,,,,,,,,,,,,,,,,,,,,,,,,,,,,,,,,
